{
  "norm_stats": {
    "state": {
      "mean": [
        0.2093118578195572,
        0.8371204137802124,
        -0.593438446521759,
        0.05902940779924393,
        0.376034140586853,
        0.15082398056983948,
        0.006770148873329163,
        0.14347609877586365,
        1.2830495834350586,
        -0.8881075382232666,
        -1.226135492324829,
        0.6460046172142029,
        0.6614599227905273,
        0.010884533636271954
      ],
      "std": [
        0.3152531087398529,
        0.8164131045341492,
        0.6110174059867859,
        1.0305213928222656,
        0.4377215504646301,
        0.8605172038078308,
        0.02545643411576748,
        0.11793775111436844,
        0.5802894234657288,
        0.3760472536087036,
        0.4922487735748291,
        0.4047412872314453,
        0.4213675856590271,
        0.02856164239346981
      ],
      "q01": [
        -0.11903795599937439,
        0.0012993424898013473,
        -1.6773335933685303,
        -1.6701500415802002,
        -0.16612839698791504,
        -1.392800211906433,
        -0.003000000026077032,
        -0.12842892110347748,
        0.004238999914377928,
        -1.3116428852081299,
        -1.7328910827636719,
        -0.10451430082321167,
        -0.21259978413581848,
        -0.0012000000569969416
      ],
      "q99": [
        0.9515131711959839,
        1.9711024761199951,
        -0.00011920928955078125,
        1.7420356273651123,
        1.215834617614746,
        1.8315385580062866,
        0.09949740022420883,
        0.44442397356033325,
        2.1625163555145264,
        -0.0030164718627929688,
        0.11261093616485596,
        1.2175675630569458,
        1.414241075515747,
        0.09909960627555847
      ],
      "vmin": [
        -0.20628055930137634,
        0.0,
        -1.9983831644058228,
        -1.7310819625854492,
        -0.4057577848434448,
        -1.7662500143051147,
        -0.003000000026077032,
        -0.29847443103790283,
        0.004238999914377928,
        -1.424583077430725,
        -1.7432233095169067,
        -0.3326132297515869,
        -0.6437174677848816,
        -0.0012000000569969416
      ],
      "vmax": [
        1.2008581161499023,
        2.1655707359313965,
        0.0006803333526477218,
        1.770750641822815,
        1.2652978897094727,
        2.4017162322998047,
        0.09960000216960907,
        0.5097266435623169,
        2.208362102508545,
        -0.002163110999390483,
        0.24375122785568237,
        1.2602564096450806,
        1.7728614807128906,
        0.09920000284910202
      ]
    },
    "actions": {
      "mean": [
        -0.00004908299524686299,
        1.960030203917995e-6,
        4.0912709664553404e-8,
        -0.00009162957576336339,
        0.000024229895643657073,
        0.00005445519491331652,
        0.006770174019038677,
        -0.00013548439892474562,
        -0.00006044449037290178,
        3.870070941047743e-6,
        -0.00002556902472861111,
        0.000026839241400011815,
        -0.00003531538459355943,
        0.010889505036175251
      ],
      "std": [
        0.041870441287755966,
        0.0867423489689827,
        0.06748206168413162,
        0.162175714969635,
        0.07996329665184021,
        0.15984150767326355,
        0.025456426665186882,
        0.023384790867567062,
        0.08624744415283203,
        0.061780769377946854,
        0.09146931767463684,
        0.056078869849443436,
        0.08772704750299454,
        0.028569545596837997
      ],
      "q01": [
        -0.1891409158706665,
        -0.33782729506492615,
        -0.2619110941886902,
        -0.718329906463623,
        -0.29889070987701416,
        -0.531326949596405,
        -0.003000000026077032,
        -0.07368406653404236,
        -0.3303462564945221,
        -0.2391495704650879,
        -0.29748326539993286,
        -0.20821285247802734,
        -0.3176175355911255,
        -0.0012000000569969416
      ],
      "q99": [
        0.1172834038734436,
        0.387814462184906,
        0.2821025848388672,
        0.532801628112793,
        0.29370415210723877,
        0.700476884841919,
        0.09949740022420883,
        0.09450632333755493,
        0.35136330127716064,
        0.2579604983329773,
        0.34397566318511963,
        0.22382616996765137,
        0.2787342071533203,
        0.09909960627555847
      ],
      "vmin": [
        -0.7398886680603027,
        -0.7798888087272644,
        -0.708698034286499,
        -2.212042808532715,
        -1.0812066793441772,
        -1.5093457698822021,
        -0.003000000026077032,
        -0.40636831521987915,
        -0.7677474021911621,
        -0.8504864573478699,
        -1.1045647859573364,
        -1.0024973154067993,
        -1.5628652572631836,
        -0.0012000000569969416
      ],
      "vmax": [
        0.39333730936050415,
        0.9060818552970886,
        0.7169144153594971,
        1.4634318351745605,
        0.8084453344345093,
        2.2784886360168457,
        0.09960000216960907,
        0.3637341260910034,
        0.8228021860122681,
        0.7448603510856628,
        1.5243653059005737,
        0.6997839212417603,
        0.9878265857696533,
        0.09920000284910202
      ]
    }
  }
}