{
  "norm_stats": {
    "state": {
      "mean": [
        0.00014281395124271512,
        0.0,
        -0.00004605944559443742,
        0.0014606426702812314,
        -0.014563685283064842,
        0.007289942353963852,
        0.4502836763858795,
        1.3589940071105957,
        -0.8769978284835815,
        0.3179139792919159,
        0.00237420666962862,
        0.008649294264614582,
        -0.004130812361836433,
        -0.002345131244510412,
        -0.003999632783234119,
        0.0008958516409620643,
        -0.0003499255108181387,
        0.0005585223552770913,
        0.0009361796546727419,
        0.027143318206071854,
        -0.0313011035323143,
        0.01057977881282568,
        0.0024881511926651,
        -0.00022159678337629884,
        -0.10846920311450958,
        -0.17197051644325256,
        0.10581393539905548,
        0.970356285572052,
        -0.07508167624473572,
        0.02500719577074051,
        0.07183119654655457,
        -0.005687216762453318,
        0.0045969802886247635,
        -1.0000728368759155,
        -0.004000002518296242,
        -0.002000001259148121,
        -0.00299999862909317,
        0.00015358121891040355,
        0.0001324078330071643,
        0.0002208120858995244,
        -0.897087037563324,
        1.4747194051742554,
        0.5570895671844482,
        0.0,
        -0.002352225361391902,
        -0.002303368179127574,
        -0.002332163043320179,
        0.0,
        98.2950439453125,
        72.27266693115234,
        0.0588383786380291,
        0.33349093794822693,
        0.33359283208847046,
        0.0036390316672623158,
        0.0006797810201533139,
        -0.00721339788287878,
        0.9999664425849915,
        0.200611412525177,
        -0.1945611983537674,
        0.3436231315135956,
        -0.10496462136507034,
        0.3594505786895752,
        0.1850675493478775,
        0.8579223155975342
      ],
      "std": [
        0.0002551404177211225,
        0.0,
        0.00015479125431738794,
        0.0004986009444110096,
        0.001167365931905806,
        0.0024941659066826105,
        0.3206872344017029,
        0.7869610786437988,
        0.46857908368110657,
        0.21882270276546478,
        0.07554478198289871,
        0.08177294582128525,
        0.008741877973079681,
        0.008106054738163948,
        0.0011660633608698845,
        0.02789747528731823,
        0.03923851251602173,
        0.03538181260228157,
        0.450156569480896,
        0.9850005507469177,
        0.7290820479393005,
        0.4936864972114563,
        0.1815153956413269,
        0.1359180510044098,
        0.015753012150526047,
        0.013824698515236378,
        0.07322970032691956,
        0.008418427780270576,
        0.08303650468587875,
        0.09397299587726593,
        0.32210004329681396,
        0.007104575168341398,
        0.004202584736049175,
        0.00146484375,
        0.0,
        0.0,
        2.523185003155959e-6,
        0.0007737521082162857,
        0.0014575447421520948,
        0.0011301960330456495,
        0.0006905339541845024,
        0.001291870721615851,
        0.0005725605296902359,
        0.0,
        0.0034470180980861187,
        0.0031845923513174057,
        0.0028657959774136543,
        0.0,
        0.19764235615730286,
        41.55168533325195,
        0.0,
        0.0,
        0.00014950499462429434,
        0.001243687467649579,
        0.0002443453704472631,
        0.000604996457695961,
        0.0,
        0.0909908264875412,
        0.11420274525880814,
        0.08474542200565338,
        0.08450476825237274,
        0.22886128723621368,
        0.13683825731277466,
        0.10608408600091934
      ],
      "q01": [
        -0.0004266528472304344,
        0.0,
        -0.0008512340466491879,
        0.0,
        -0.01851311870701611,
        0.002763951350329444,
        -0.0239544662758708,
        -0.0022882127253338693,
        -1.5162835252761842,
        -0.03594634926319123,
        -0.19531515218019485,
        -0.2100379338145256,
        -0.03635628614574671,
        -0.023282646545767786,
        -0.008282666651532055,
        -0.06439533141851425,
        -0.09629681314229965,
        -0.08646948894262313,
        -1.4609634509086609,
        -2.39132608833313,
        -1.7926736763000488,
        -1.4476163127422332,
        -0.5973072383642196,
        -0.4364993513584137,
        -0.13570468042194844,
        -0.20108398668020963,
        -0.013169590897858142,
        0.949199085521698,
        -0.319964072483778,
        -0.22024798750281332,
        -0.9158879151344299,
        -0.03400841325521469,
        -0.00780500076711178,
        -1.0042028648376464,
        -0.004000000189989805,
        -0.0020000000949949026,
        -0.003000000026077032,
        -0.0015387696117162702,
        -0.00452104895375669,
        -0.0030051997156813736,
        -0.8981000185012817,
        1.4737999439239502,
        0.5562999844551086,
        0.0,
        -0.011548922308534383,
        -0.01102860937267542,
        -0.010518258773349226,
        0.0,
        98.29515838623047,
        4.729572083663941,
        0.058778626892715694,
        0.3330711768865585,
        0.3335232742547989,
        0.0013823991727549582,
        -0.00001123716280599183,
        -0.009261403605341912,
        0.9999390594244003,
        0.04132395074330271,
        -0.34431048135347664,
        0.20969754654169082,
        -0.2855436857283115,
        -0.023779820610582827,
        -0.043635029181838036,
        0.691189822101593
      ],
      "q99": [
        0.0009418903082609176,
        0.0,
        -2.553191501648497e-7,
        0.001860936205275357,
        -0.012820059209316968,
        0.012179742260975762,
        0.9749246751271188,
        2.1875882444860415,
        -0.00031868085861219697,
        0.7745698105096817,
        0.1837321958661079,
        0.2015342340648174,
        0.02503556858599186,
        0.017198001924157137,
        0.0008789334788918482,
        0.06773187761306762,
        0.09410436979532238,
        0.08396885429918766,
        0.8615590516567231,
        2.246141060447693,
        2.206586520195007,
        1.5686012676239014,
        0.5458147963762283,
        0.37686558957099914,
        -0.0701536647349596,
        -0.14094485574215648,
        0.24542444774508476,
        0.9819984779834747,
        0.14217560157179832,
        0.26741601099371914,
        1.389360098838806,
        0.012423404291272172,
        0.01639679937958717,
        -0.9964098131179809,
        -0.004000000189989805,
        -0.0020000000949949026,
        -0.003000000026077032,
        0.0019969858855009067,
        0.00517092472873628,
        0.00414440034646541,
        -0.8962003812432289,
        1.475699640774727,
        0.5582000017166138,
        0.0,
        0.006977462080866099,
        0.00661578767001629,
        0.004899323352240026,
        0.0,
        98.29515838623047,
        100.7981425614357,
        0.058844557370990515,
        0.33365766663551333,
        0.3338448125362396,
        0.006054094633460044,
        0.0008435372813753929,
        -0.0062833836451172825,
        0.9999774044275284,
        0.31480438568629326,
        -0.006257475292868964,
        0.5681165281534195,
        0.04549775936603545,
        0.6776644829407334,
        0.41680024626106027,
        0.9998681057929992
      ],