{
  "norm_stats": {
    "state": {
      "mean": [
        -0.117023766040802,
        -0.04236197471618652,
        0.30644726753234863,
        0.16615360975265503,
        0.19404387474060059,
        -0.2680928707122803,
        0.046845197677612305,
        -0.19688361883163452,
        -0.08867710828781128,
        0.09202951192855835,
        0.2899543046951294,
        -0.4050697088241577,
        -0.07583612203598022,
        0.2123395800590515,
        0.5249555706977844,
        0.2801688313484192,
        0.21303856372833252,
        0.18099486827850342,
        0.3052271604537964,
        0.0851868987083435,
        -0.23374217748641968,
        -0.22459912300109863,
        0.04024314880371094,
        -0.24521410465240479,
        -0.27165061235427856,
        -0.4400310516357422,
        0.10506433248519897,
        0.3250699043273926,
        -0.05650371313095093,
        -0.11647975444793701,
        0.4201245903968811,
        -0.19729870557785034
      ],
      "std": [
        0.7801686525344849,
        0.5627861618995667,
        0.21984489262104034,
        0.548738956451416,
        0.13680541515350342,
        0.2718084454536438,
        0.523002564907074,
        0.5496386885643005,
        0.3101731836795807,
        0.09194466471672058,
        0.4007665514945984,
        0.5891051888465881,
        0.828113317489624,
        0.505569577217102,
        0.41995128989219666,
        0.36579617857933044,
        0.3008451759815216,
        0.7560480237007141,
        0.5811713933944702,
        0.7404220104217529,
        0.2493889480829239,
        0.7185772657394409,
        0.6727423667907715,
        0.516237735748291,
        0.6513556838035583,
        0.1283530294895172,
        0.6954833269119263,
        0.5383172631263733,
        0.6096403002738953,
        0.5226702690124512,
        0.32693976163864136,
        0.3552055358886719
      ],
      "q01": [
        -0.8443769882202148,
        -0.860410213470459,
        0.02860283851623535,
        0.11709918403625486,
        0.10038002977371216,
        -0.5514938831329346,
        -0.09002519607543946,
        -0.41037899322509763,
        -0.4919426441192627,
        -0.011792421340942383,
        -0.08929884710311889,
        -0.818026554107666,
        -0.9117648601531982,
        -0.6135766506195068,
        0.22815717597007754,
        -0.2869148254394531,
        -0.11598563194274902,
        -0.8914191722869873,
        0.5492428455352782,
        -0.2491959359169006,
        -0.5517449378967285,
        -0.9800481796264648,
        -0.34717669486999514,
        -0.9936847686767578,
        -0.7239607906341553,
        -0.5777585506439209,
        -0.04186626815795891,
        -0.5150420665740967,
        -0.8572237491607666,
        -0.7555067539215088,
        0.5174603809356689,
        -0.3219208155632019
      ],
      "q99": [
        0.9302418231964111,
        0.6935787579536439,
        0.5627333758354187,
        0.9259681701660156,
        0.3969409465789795,
        0.17042023978233334,
        0.8393242359161377,
        0.5800538063049316,
        0.3608487805366516,
        0.2121136513710022,
        0.7393827438354492,
        0.5981085300445557,
        0.9238755333900452,
        0.702456190776825,
        0.9560158252716064,
        0.6366853888034821,
        0.6909930519580841,
        0.9124911946296692,
        0.758162260055542,
        0.7822372913360596,
        0.14417102494239808,
        0.7295166554927828,
        0.8129391670227051,
        0.4553902589321135,
        0.7276144027709961,
        -0.25778185596466063,
        0.7239165306091309,
        0.9283783266544341,
        0.7949335081100464,
        0.6091961801528929,
        0.7528011798858643,
        0.3613874912261963
      ],
      "vmin": [
        -0.8924973011016846,
        -0.860410213470459,
        0.02860283851623535,
        -0.6206264495849609,
        0.04203319549560547,
        -0.5514938831329346,
        -0.6219170093536377,
        -0.9260787963867188,
        -0.4919426441192627,
        -0.011792421340942383,
        -0.12871026992797852,
        -0.836388111114502,
        -0.9117648601531982,
        -0.6135766506195068,
        -0.0019450187683105469,
        -0.2869148254394531,
        -0.11598563194274902,
        -0.8914191722869873,
        -0.6926670074462891,
        -0.9707083702087402,
        -0.5517449378967285,
        -0.9800481796264648,
        -0.8558120727539062,
        -0.9936847686767578,
        -0.960263729095459,
        -0.5777585506439209,
        -0.973297119140625,
        -0.5150420665740967,
        -0.8572237491607666,
        -0.7555067539215088,
        -0.12272262573242188,
        -0.617844820022583
      ],
      "vmax": [
        0.9302418231964111,
        0.6938896179199219,
        0.5628402233123779,
        0.9259681701660156,
        0.3969409465789795,
        0.1705646514892578,
        0.8393242359161377,
        0.5800538063049316,
        0.3610193729400635,
        0.2121584415435791,
        0.7393827438354492,
        0.5981085300445557,
        0.9242427349090576,
        0.7027194499969482,
        0.9560158252716064,
        0.6368701457977295,
        0.6911544799804688,
        0.9128520488739014,
        0.758162260055542,
        0.7822372913360596,
        0.14431023597717285,
        0.7298586368560791,
        0.8129391670227051,
        0.45568013191223145,
        0.7276144027709961,
        -0.2577178478240967,
        0.7239165306091309,
        0.9286670684814453,
        0.7952640056610107,
        0.6094691753387451,
        0.7528011798858643,
        0.3613874912261963
      ]
    },
    "actions": {
      "mean": [
        0.0810510665178299,
        -0.030734781175851822,
        0.001585511490702629,
        -0.016472600400447845,
        -0.024362139403820038,
        -0.011591088026762009,
        0.04939991235733032,
        0.021558687090873718,
        -0.039802435785532,
        0.05427044630050659,
        -0.02734963968396187,
        -0.053395844995975494,
        0.014573831111192703,
        -0.01844906434416771,
        -0.015249557793140411,
        0.04152454808354378,
        -0.002142801880836487,
        0.011700494214892387,
        0.06723250448703766,
        0.035716310143470764,
        0.043807901442050934,
        -0.033260345458984375,
        -0.003404468297958374,
        0.040276460349559784,
        -0.04572245106101036,
        0.0022441577166318893,
        0.02043548971414566,
        0.008503977209329605,
        0.06317149847745895,
        -0.00466504693031311,
        0.0028668195009231567,
        -0.013081725686788559
      ],
      "std": [
        0.596114993095398,
        0.577527642250061,
        0.5926472544670105,
        0.5529492497444153,
        0.6156275868415833,
        0.5702243447303772,
        0.5746249556541443,
        0.5717341303825378,
        0.5861645340919495,
        0.621010959148407,
        0.5561599135398865,
        0.5505484938621521,
        0.5641821622848511,
        0.5625211000442505,
        0.6054273247718811,
        0.5573943257331848,
        0.5921503901481628,
        0.5901486873626709,
        0.5910754799842834,
        0.5728527307510376,
        0.5687424540519714,
        0.5798379182815552,
        0.6031590700149536,
        0.5855042934417725,
        0.5733891725540161,
        0.567817747592926,
        0.5618293285369873,
        0.5914949774742126,
        0.576355516910553,
        0.5946786999702454,
        0.5598166584968567,
        0.5855695009231567
      ],