{
  "norm_stats": {
    "state": {
      "mean": [
        0.2985556423664093,
        1.3975342512130737,
        -1.1029599905014038,
        0.35695880651474,
        0.7045487761497498,
        -0.4656556248664856,
        0.036030858755111694,
        -0.0507170744240284,
        0.03336935117840767,
        0.00017170392675325274,
        -0.0635678842663765,
        0.052160292863845825,
        0.06646496802568436,
        -0.0008808938437141478
      ],
      "std": [
        0.2744092345237732,
        0.8624695539474487,
        0.7293732762336731,
        0.41665327548980713,
        0.46646273136138916,
        0.5037007927894592,
        0.04389527067542076,
        0.08719640225172043,
        0.04379669949412346,
        0.004338374827057123,
        0.09039340913295746,
        0.09473193436861038,
        0.09090384095907211,
        0.00009816854435484856
      ],
      "q01": [
        -0.13112124800682068,
        -0.0010117777856066823,
        -2.5498616695404053,
        -0.24239623546600342,
        -0.16279447078704834,
        -1.9891304969787598,
        -0.0025182398967444897,
        -0.3324055075645447,
        -0.005599666852504015,
        -0.0037505554500967264,
        -0.19850033521652222,
        -0.10219502449035645,
        -0.12384036183357239,
        -0.0010000000474974513
      ],
      "q99": [
        0.8695582151412964,
        2.6895532608032227,
        -0.002217531204223633,
        1.4689760208129883,
        1.2242341041564941,
        0.18135857582092285,
        0.09957956522703171,
        0.0725451111793518,
        0.1417653113603592,
        0.0061035845428705215,
        0.1130969226360321,
        0.3176347017288208,
        0.18015733361244202,
        -0.0008000399684533477
      ],
      "vmin": [
        -0.44539156556129456,
        -0.0010117777856066823,
        -2.9152283668518066,
        -0.704982340335846,
        -0.5755271315574646,
        -2.337904453277588,
        -0.0026000000070780516,
        -0.535003662109375,
        -0.005599666852504015,
        -0.0037505554500967264,
        -0.19850033521652222,
        -0.20720511674880981,
        -0.12598377466201782,
        -0.0010000000474974513
      ],
      "vmax": [
        1.0384154319763184,
        2.861900568008423,
        0.003035333240404725,
        1.7503581047058105,
        1.2394801378250122,
        0.7268925309181213,
        0.09960000216960907,
        0.07930244505405426,
        0.1594596654176712,
        0.006105555687099695,
        0.25758466124534607,
        0.31942522525787354,
        0.18021856248378754,
        -0.0007999999797903001
      ]
    },
    "actions": {
      "mean": [
        0.0026725996285676956,
        0.010041753761470318,
        -0.0061285169795155525,
        0.0003120831388514489,
        0.0004673753574024886,
        -0.0007553935283794999,
        0.036551959812641144,
        -0.000019486440578475595,
        -1.7796527629343473e-7,
        0.0,
        4.293382858122641e-7,
        -1.4268150607676944e-6,
        1.3958930367152789e-6,
        -0.0008809009450487792
      ],
      "std": [
        0.056225333362817764,
        0.1561785191297531,
        0.14063957333564758,
        0.07705429941415787,
        0.11060706526041031,
        0.07880759239196777,
        0.04404497146606445,
        0.001153438352048397,
        0.00003432331504882313,
        0.0,
        0.00006845766620244831,
        0.00019588306895457208,
        0.00018783983250614256,
        0.0000980987460934557
      ],
      "q01": [
        -0.20391610264778137,
        -0.48426690697669983,
        -0.42926257848739624,
        -0.2808012366294861,
        -0.40022748708724976,
        -0.29908281564712524,
        -0.0025182398967444897,
        -0.00015407800674438477,
        -3.041699528694153e-6,
        0.0,
        -3.1793024390935898e-6,
        -0.00002276897430419922,
        -3.7723439163528383e-6,
        -0.0010000000474974513
      ],
      "q99": [
        0.1862943172454834,
        0.5430476665496826,
        0.5229426622390747,
        0.24484527111053467,
        0.39878273010253906,
        0.2614297866821289,
        0.09957956522703171,
        -0.00004240870475769043,
        -8.260831236839294e-7,
        0.0,
        -3.1793024390935898e-6,
        -6.776303052902222e-6,
        -3.7723439163528383e-6,
        -0.0008000399684533477
      ],
      "vmin": [
        -0.5531284213066101,
        -0.9543157815933228,
        -1.0222792625427246,
        -1.25019109249115,
        -1.2821491956710815,
        -1.1136882305145264,
        -0.0026000000070780516,
        -0.2774538993835449,
        -0.008948996663093567,
        0.0,
        -0.002320125699043274,
        -0.05318811163306236,
        -0.00001744180917739868,
        -0.0010000000474974513
      ],
      "vmax": [
        0.48743268847465515,
        1.1422446966171265,
        1.2004220485687256,
        0.7871980667114258,
        1.1854547262191772,
        1.2433876991271973,
        0.09960000216960907,
        0.0017444491386413574,
        0.00212821364402771,
        0.0,
        0.018403902649879456,
        0.02675977721810341,
        0.06832988560199738,
        -0.0007999999797903001
      ]
    }
  }
}