{
  "norm_stats": {
    "state": {
      "mean": [
        -0.0066711511462926865,
        1.4382127523422241,
        -1.0627800226211548,
        0.9441860914230347,
        0.7637928128242493,
        -0.3898451030254364,
        0.004950903821736574,
        -0.008568856865167618,
        0.0001846951199695468,
        -0.0015628713881596923,
        -0.030201181769371033,
        0.03215658292174339,
        0.050230175256729126,
        0.001865326426923275
      ],
      "std": [
        0.09244764596223831,
        0.9141493439674377,
        0.6966193318367004,
        0.6717389822006226,
        0.5686054825782776,
        0.36957329511642456,
        0.011527459137141705,
        5.394796517066425e-6,
        8.429369557916289e-8,
        1.1680077705022995e-6,
        0.0,
        0.0,
        0.000037376248656073585,
        0.0
      ],
      "q01": [
        -0.21628190577030182,
        0.0017444444820284843,
        -1.8212518692016602,
        -0.15425467491149902,
        -0.28836482763290405,
        -0.9951183795928955,
        -0.002526199910789728,
        -0.008568858727812767,
        0.00018469510541763157,
        -0.0015628719702363014,
        -0.030201174318790436,
        0.0321565717458725,
        0.05023018643260002,
        0.001865325728431344
      ],
      "q99": [
        0.1692371666431427,
        2.2537147998809814,
        -0.0001093149185180664,
        1.7315728664398193,
        1.2878323793411255,
        0.36837947368621826,
        0.04163571819663048,
        -0.008568858727812767,
        0.00018469510541763157,
        -0.0015628719702363014,
        -0.030201174318790436,
        0.0321565717458725,
        0.05023018643260002,
        0.001865325728431344
      ],
      "vmin": [
        -0.34824344515800476,
        0.0017444444820284843,
        -1.927855372428894,
        -1.755800724029541,
        -1.2401081323623657,
        -1.317439317703247,
        -0.0026000000070780516,
        -0.008568858727812767,
        0.00018469510541763157,
        -0.0015628719702363014,
        -0.030201174318790436,
        0.0321565717458725,
        0.05023018643260002,
        0.001865325728431344
      ],
      "vmax": [
        0.6484448909759521,
        2.335392475128174,
        0.0033667776733636856,
        1.7625343799591064,
        1.3128514289855957,
        2.3204948902130127,
        0.07119999825954437,
        -0.008568858727812767,
        0.00018469510541763157,
        -0.0015628719702363014,
        -0.030201174318790436,
        0.0321565717458725,
        0.05023018643260002,
        0.001865325728431344
      ]
    },
    "actions": {
      "mean": [
        -0.00008305702067445964,
        0.000011829962204501498,
        -1.0626027915350278e-6,
        0.00004352078030933626,
        0.00001857339702837635,
        -0.000016916164895519614,
        0.004950222559273243,
        0.0,
        0.0,
        0.0,
        0.0,
        0.0,
        0.0,
        -0.0007999992230907083
      ],
      "std": [
        0.03203507512807846,
        0.1795564740896225,
        0.13867028057575226,
        0.1520373672246933,
        0.13875772058963776,
        0.12167644500732422,
        0.011527211405336857,
        0.0,
        0.0,
        0.0,
        0.0,
        0.0,
        0.0,
        0.0
      ],
      "q01": [
        -0.09088391065597534,
        -0.6364921927452087,
        -0.42100799083709717,
        -0.5675798654556274,
        -0.5400665998458862,
        -0.5213844776153564,
        -0.002526199910789728,
        0.0,
        0.0,
        0.0,
        0.0,
        0.0,
        0.0,
        -0.0007999999797903001
      ],
      "q99": [
        0.1207144558429718,
        0.6381843090057373,
        0.5463598370552063,
        0.5748109817504883,
        0.49226248264312744,
        0.4259345531463623,
        0.04163571819663048,
        0.0,
        0.0,
        0.0,
        0.0,
        0.0,
        0.0,
        -0.0007999999797903001
      ],
      "vmin": [
        -0.4129798114299774,
        -1.1970901489257812,
        -0.8336699604988098,
        -1.451028823852539,
        -1.2320836782455444,
        -1.6325035095214844,
        -0.0026000000070780516,
        0.0,
        0.0,
        0.0,
        0.0,
        0.0,
        0.0,
        -0.0007999999797903001
      ],
      "vmax": [
        0.45707929134368896,
        1.121346354484558,
        1.2071903944015503,
        1.5953466892242432,
        1.244713544845581,
        1.3241729736328125,
        0.07119999825954437,
        0.0,
        0.0,
        0.0,
        0.0,
        0.0,
        0.0,
        -0.0007999999797903001
      ]
    }
  }
}