{
  "norm_stats": {
    "state": {
      "mean": [
        -0.13647979497909546,
        1.1055271625518799,
        -0.765944242477417,
        -0.48117774724960327,
        0.43422937393188477,
        0.8427339196205139,
        0.05190764367580414,
        0.0,
        0.0,
        0.0,
        0.0,
        0.0,
        0.0,
        0.0
      ],
      "std": [
        0.16557449102401733,
        0.791904866695404,
        0.5366770029067993,
        0.3279309570789337,
        0.3214868903160095,
        0.5104926824569702,
        0.045533519238233566,
        0.0,
        0.0,
        0.0,
        0.0,
        0.0,
        0.0,
        0.0
      ],
      "q01": [
        -0.5256147384643555,
        0.002337133511900902,
        -1.425565242767334,
        -1.6107127666473389,
        -0.1798572540283203,
        -0.3073669672012329,
        -0.0014187400229275227,
        0.0,
        0.0,
        0.0,
        0.0,
        0.0,
        0.0,
        0.0
      ],
      "q99": [
        0.10195207595825195,
        2.0521535873413086,
        -0.0027631521224975586,
        0.16129696369171143,
        1.0338555574417114,
        1.7036420106887817,
        0.09907986223697662,
        0.0,
        0.0,
        0.0,
        0.0,
        0.0,
        0.0,
        0.0
      ],
      "vmin": [
        -0.6012402176856995,
        0.001918888883665204,
        -1.4584776163101196,
        -1.7340127229690552,
        -0.5691947937011719,
        -0.5982397794723511,
        -0.0015999999595806003,
        0.0,
        0.0,
        0.0,
        0.0,
        0.0,
        0.0,
        0.0
      ],
      "vmax": [
        0.1767994463443756,
        2.093141555786133,
        -0.0021805556025356054,
        0.4066125452518463,
        1.2021315097808838,
        1.8626130819320679,
        0.09910000115633011,
        0.0,
        0.0,
        0.0,
        0.0,
        0.0,
        0.0,
        0.0
      ]
    },
    "actions": {
      "mean": [
        -0.0002794514875859022,
        0.00014520699915010482,
        -0.00013027855311520398,
        -0.008670617826282978,
        0.00020325076184235513,
        0.009684696793556213,
        0.053274866193532944,
        0.0,
        0.0,
        0.0,
        0.0,
        0.0,
        0.0,
        0.0
      ],
      "std": [
        0.03707050904631615,
        0.1120869517326355,
        0.07973436266183853,
        0.05061011016368866,
        0.07821375876665115,
        0.0955655500292778,
        0.04540359973907471,
        0.0,
        0.0,
        0.0,
        0.0,
        0.0,
        0.0,
        0.0
      ],
      "q01": [
        -0.14723771810531616,
        -0.31421956419944763,
        -0.28334543108940125,
        -0.19939175248146057,
        -0.2011820375919342,
        -0.19019579887390137,
        -0.0014187400229275227,
        0.0,
        0.0,
        0.0,
        0.0,
        0.0,
        0.0,
        0.0
      ],
      "q99": [
        0.13677620887756348,
        0.40081942081451416,
        0.25950556993484497,
        0.1408601999282837,
        0.3057813048362732,
        0.44435906410217285,
        0.09907986223697662,
        0.0,
        0.0,
        0.0,
        0.0,
        0.0,
        0.0,
        0.0
      ],
      "vmin": [
        -0.3037252426147461,
        -0.5613622069358826,
        -0.5328230857849121,
        -0.5734338164329529,
        -0.4696044325828552,
        -1.344565510749817,
        -0.0015999999595806003,
        0.0,
        0.0,
        0.0,
        0.0,
        0.0,
        0.0,
        0.0
      ],
      "vmax": [
        0.30470213294029236,
        0.7073372602462769,
        0.5700843930244446,
        0.8957024216651917,
        0.807381272315979,
        0.9781100153923035,
        0.09910000115633011,
        0.0,
        0.0,
        0.0,
        0.0,
        0.0,
        0.0,
        0.0
      ]
    }
  }
}