{
  "norm_stats": {
    "state": {
      "mean": [
        0.11175495386123657,
        0.8113676309585571,
        -0.541166365146637,
        0.16232983767986298,
        0.21220454573631287,
        -0.3029214143753052,
        0.08383623510599136,
        0.03431320935487747,
        0.0010519701754674315,
        -0.003523778636008501,
        -0.08594880253076553,
        0.06425202637910843,
        0.05846153199672699,
        0.09910007566213608
      ],
      "std": [
        0.18941055238246918,
        0.7576976418495178,
        0.5794232487678528,
        0.18017353117465973,
        0.2884688675403595,
        0.25552740693092346,
        0.032850198447704315,
        0.000030517578125,
        0.0005992721999064088,
        0.0,
        0.0,
        0.010200840421020985,
        0.00023490606690756977,
        0.0
      ],
      "q01": [
        -0.08593307584524154,
        0.005390441628545522,
        -1.7151659437490046,
        -0.2026188253998757,
        -0.17247126396894455,
        -0.7882411351442337,
        0.002292800101218745,
        0.03431322053074837,
        -0.0003488888905849308,
        -0.0035237777046859264,
        -0.08594878017902374,
        0.054688334465026855,
        0.05836901278495789,
        0.09910000115633011
      ],
      "q99": [
        0.6225245738148689,
        2.038404811704159,
        -0.00005462902502628708,
        0.5289272187352179,
        0.8226028750240801,
        0.1643293787002562,
        0.09958048216919414,
        0.03431322053074837,
        0.001308001917070942,
        -0.0035237777046859264,
        -0.08594878017902374,
        0.0757221226811409,
        0.058647812995314595,
        0.09910000115633011
      ],
      "vmin": [
        -0.1268559992313385,
        0.004116889089345932,
        -1.8803192377090454,
        -0.5693691968917847,
        -0.4112004339694977,
        -0.87311190366745,
        0.0020000000949949026,
        0.03431322053074837,
        -0.0003488888905849308,
        -0.0035237777046859264,
        -0.08594878017902374,
        0.054688334465026855,
        0.05660722404718399,
        0.09910000115633011
      ],
      "vmax": [
        0.6916024684906006,
        2.126704454421997,
        0.0006977777811698616,
        0.6523175835609436,
        0.9735395312309265,
        0.6106427907943726,
        0.09960000216960907,
        0.03431322053074837,
        0.0013083333615213633,
        -0.0035237777046859264,
        -0.08594878017902374,
        0.07572633028030396,
        0.05864822119474411,
        0.09910000115633011
      ]
    },
    "actions": {
      "mean": [
        0.00006389441841747612,
        0.0009081881144084036,
        -0.0004166850703768432,
        -0.00006943577318452299,
        0.00023052646429277956,
        -0.0004298633721191436,
        0.08380354940891266,
        0.0,
        6.749652925464034e-7,
        0.0,
        0.0,
        -3.410347915178136e-7,
        0.0,
        0.09909915924072266
      ],
      "std": [
        0.10740451514720917,
        0.28091204166412354,
        0.24620574712753296,
        0.09374652802944183,
        0.14782258868217468,
        0.10849255323410034,
        0.03287742659449577,
        0.0,
        0.00003343815478729084,
        0.0,
        0.0,
        0.0000168950737133855,
        0.0,
        0.0004239637346472591
      ],
      "q01": [
        -0.40380259857177736,
        -0.9859247254252435,
        -0.5063468980789185,
        -0.3652746028900146,
        -0.6324155796766281,
        -0.3465310918807984,
        0.002292800101218745,
        0.0,
        0.0,
        0.0,
        0.0,
        -1.6746670007704908e-7,
        0.0,
        0.09910000115633011
      ],
      "q99": [
        0.33718716239929203,
        0.637215727329254,
        1.0058597397804259,
        0.3165451345443726,
        0.4198124397993088,
        0.44374553413391093,
        0.09958048216919414,
        0.0,
        0.0,
        0.0,
        0.0,
        -1.6746670007704908e-7,
        0.0,
        0.09910000115633011
      ],
      "vmin": [
        -0.6584579944610596,
        -1.538076639175415,
        -0.7824007272720337,
        -0.8258548974990845,
        -0.9973337650299072,
        -0.6647205352783203,
        0.0020000000949949026,
        0.0,
        0.0,
        0.0,
        0.0,
        -0.0008373335003852844,
        0.0,
        0.09910000115633011
      ],
      "vmax": [
        0.5382308959960938,
        0.9115769267082214,
        1.7548587322235107,
        0.6107648611068726,
        1.027739405632019,
        1.0117254257202148,
        0.09960000216960907,
        0.0,
        0.0016572222812101245,
        0.0,
        0.0,
        0.0,
        0.0,
        0.09910000115633011
      ]
    }
  }
}