{
  "norm_stats": {
    "state": {
      "mean": [
        -0.014004959724843502,
        0.5727769136428833,
        -0.3102007806301117,
        -0.1265457421541214,
        -0.2055041790008545,
        -0.09732280671596527,
        0.2600475251674652,
        1.0638068914413452,
        -0.6943082213401794,
        -0.17659308016300201,
        0.13937212526798248,
        0.17353132367134094,
        -0.004463291727006435,
        -0.00228868518024683,
        -0.0044319117441773415,
        0.0017033083131536841,
        -0.0010765875922515988,
        0.00028779401327483356,
        -0.002394164213910699,
        0.004354311618953943,
        -0.011097409762442112,
        0.0035759073216468096,
        0.000165929232025519,
        -0.00046873671817593277,
        -0.0005232789553701878,
        0.21248950064182281,
        -0.31755951046943665,
        -0.6014058589935303,
        -0.0894126370549202,
        0.05177725851535797,
        0.07669276744127274,
        -0.009304838255047798,
        0.005594487302005291,
        -0.9996216893196106,
        -0.002000002656131983,
        -0.002000002656131983,
        0.0,
        0.00017947690503206104,
        0.0001499548670835793,
        0.00018016539979726076,
        -0.887629508972168,
        1.0302233695983887,
        -0.49405810236930847,
        0.0,
        -0.002333415439352393,
        -0.0023860111832618713,
        -0.0022820993326604366,
        0.0,
        82.91373443603516,
        66.94428253173828,
        0.1461206078529358,
        0.3124094009399414,
        0.3840886056423187,
        -0.05578310415148735,
        0.07660987973213196,
        -0.09779311716556549,
        0.9737602472305298,
        0.22087132930755615,
        -0.2423262745141983,
        0.43285295367240906,
        0.06652581691741943,
        0.12228156626224518,
        0.17783451080322266,
        0.949366569519043
      ],
      "std": [
        0.11501263827085495,
        0.6681487560272217,
        0.3942129909992218,
        0.24890483915805817,
        0.219218447804451,
        0.19154828786849976,
        0.28784626722335815,
        0.7393359541893005,
        0.5981076955795288,
        0.27989476919174194,
        0.25040745735168457,
        0.20179563760757446,
        0.15235938131809235,
        0.5566608309745789,
        0.3610803782939911,
        0.28874462842941284,
        0.2785624563694,
        0.2173868864774704,
        0.3369898796081543,
        0.6444114446640015,
        0.5602361559867859,
        0.265380859375,
        0.24131402373313904,
        0.21607787907123566,
        0.083795927464962,
        0.1964631825685501,
        0.21157880127429962,
        0.6339792013168335,
        0.07660802453756332,
        0.08150374889373779,
        0.24992665648460388,
        0.005735184531658888,
        0.004394822288304567,
        0.0014024811098352075,
        0.0,
        0.0,
        0.0,
        0.0005318096955306828,
        0.0006830423953942955,
        0.0008957089157775044,
        0.0009455526014789939,
        0.0,
        0.0008004685514606535,
        0.0,
        0.003244809340685606,
        0.003927991725504398,
        0.0031178488861769438,
        0.0,
        36.05453109741211,
        44.436851501464844,
        0.1222577691078186,
        0.03549528867006302,
        0.07220384478569031,
        0.10362759232521057,
        0.1092202439904213,
        0.0968882143497467,
        0.034521520137786865,
        0.1366250365972519,
        0.09400366991758347,
        0.09225382655858994,
        0.09346552193164825,
        0.11076285690069199,
        0.15555116534233093,
        0.04999103397130966
      ],
      "q01": [
        -0.3951107602119446,
        -0.0045165967689827086,
        -1.2647902110099793,
        -0.8004144731760026,
        -0.7856081997871398,
        -0.561870997530222,
        -0.372367533826828,
        -0.005660808639321476,
        -1.8127711458206177,
        -0.9546816692352295,
        -0.46778679265975953,
        -0.22639742293953896,
        -0.5265237225532532,
        -2.0023714566230773,
        -1.105533710503578,
        -1.0067709922790529,
        -0.7555703433990477,
        -0.7612722375869749,
        -1.1703499218940734,
        -2.167385089302063,
        -1.2658215903282166,
        -0.8761392906665804,
        -0.795775580406189,
        -0.7207082458019256,
        -0.15832555051147937,
        -0.28827296375632283,
        -0.7242819887042046,
        -0.9548178675889969,
        -0.2984740174591541,
        -0.1490999937057495,
        -0.6294719646453857,
        -0.026217361471056938,
        -0.006060105535387994,
        -1.0030740204811097,
        -0.0020000000949949026,
        -0.0020000000949949026,
        0.0,
        -0.0007980057189241052,
        -0.0020021135617047546,
        -0.002008045736607164,
        -0.8886008310198784,
        1.0289991892814636,
        -0.4949003947973251,
        0.0,
        -0.0111982038769871,
        -0.012062171930819751,
        -0.010885267332196235,
        0.0,
        4.014054678916931,
        3.856803375148773,
        0.05064420666024089,
        0.19820797830671072,
        0.30925056314468385,
        -0.290911177675426,
        -0.025876407101750376,
        -0.35408769226074216,
        0.8739513463973999,
        0.05310062315305695,
        -0.45398196861594914,
        0.3100983348786831,
        -0.15807851699590683,
        -0.028404941233992564,
        -0.0843704866617918,
        0.8317177474498749
      ],
      "q99": [
        0.2730383961081504,
        1.8217565634492785,
        -0.0003447234153746148,
        0.17907467839121805,
        0.2189765646457673,
        0.1351462120950222,
        0.9404445734858511,
        2.014180840328056,
        -0.00040017023086535985,
        0.38143225612640386,
        0.6495740403175354,
        0.5765564913392066,
        0.5404526093721389,
        1.7429045581817624,
        1.3642994390964507,
        1.188500779867172,
        1.1103304317474367,
        0.7460537801742557,
        0.9252402412414549,
        1.8160744756221767,
        2.211115054988861,
        0.9008372450351714,
        0.8279513716697693,
        0.6778258720636368,
        0.12307282178103923,
        0.31754056028127675,
        0.014827307057380668,
        0.9546029377222061,
        0.10491599107980731,
        0.24808799886703492,
        0.8499359749794007,
        0.006416909077763558,
        0.018699657160043716,
        -0.9962020631551742,
        -0.0020000000949949026,
        -0.0020000000949949026,
        0.0,
        0.002999590267427265,
        0.002995773092657328,
        0.0029956091246567673,
        -0.8867005445241928,
        1.030899439239502,
        -0.4930001340925694,
        0.0,
        0.006370426412671805,
        0.006950924308598047,
        0.00593099046200514,
        0.0,
        101.50059165306091,
        101.44558867716789,
        0.42361115382760767,
        0.4063417744100094,
        0.55676326212883,
        0.06702169536501168,
        0.39038393996655946,
        0.06729502655267716,
        0.9999343664646149,
        0.4406142232794315,
        -0.029429553608596337,
        0.6056372416615486,
        0.2771219945073128,
        0.3663481293082238,
        0.44206199459731577,
        0.9999541680812836
      ],