{
  "norm_stats": {
    "state": {
      "mean": [
        -0.10976993292570114,
        0.5078290700912476,
        -0.33563193678855896,
        -0.06061266362667084,
        -0.013935479335486889,
        -0.1159503161907196,
        0.26968055963516235,
        0.9561504125595093,
        -0.703204870223999,
        -0.013567283749580383,
        -0.02510821260511875,
        0.14354732632637024,
        -0.004407620057463646,
        -0.0024490163195878267,
        -0.00440896674990654,
        0.0006867552874609828,
        -0.0009999095927923918,
        0.0018151699332520366,
        -0.00439427699893713,
        -0.001814593211747706,
        -0.005470063537359238,
        0.0024948203936219215,
        -0.00018676261242944747,
        0.0007400207105092704,
        -0.03406468406319618,
        0.03702661767601967,
        -0.18148057162761688,
        -0.0713421106338501,
        -0.08924175053834915,
        0.06967953592538834,
        0.08393479138612747,
        -0.00840766541659832,
        0.004627722781151533,
        -0.9996606707572937,
        -0.0006872922531329095,
        0.0014995652018114924,
        0.002179425675421953,
        0.00010410603863419965,
        0.00016508947010152042,
        0.00020070839673280716,
        -0.935623049736023,
        1.1045035123825073,
        -0.47208109498023987,
        0.0,
        -0.0023728287778794765,
        -0.002355687553063035,
        -0.002357482211664319,
        0.0,
        83.3555908203125,
        66.37793731689453,
        0.13474249839782715,
        0.3089570701122284,
        0.39345604181289673,
        -0.045157548040151596,
        0.06022770702838898,
        -0.05095602944493294,
        0.9840023517608643,
        0.19681113958358765,
        -0.2597343623638153,
        0.43853360414505005,
        0.040981292724609375,
        0.1285001039505005,
        0.10354534536600113,
        0.9671177268028259
      ],
      "std": [
        0.17664119601249695,
        0.6304316520690918,
        0.4361840784549713,
        0.1727580726146698,
        0.1444302350282669,
        0.19160710275173187,
        0.3248060345649719,
        0.6903706192970276,
        0.5859017968177795,
        0.2604753077030182,
        0.17917455732822418,
        0.18930955231189728,
        0.13796959817409515,
        0.4007311463356018,
        0.3161354660987854,
        0.1714927852153778,
        0.15224453806877136,
        0.144706130027771,
        0.2951129972934723,
        0.44683584570884705,
        0.4529070556163788,
        0.24267792701721191,
        0.19763265550136566,
        0.1957593709230423,
        0.09029730409383774,
        0.2483776956796646,
        0.3925617039203644,
        0.8576093912124634,
        0.06117834523320198,
        0.0814545527100563,
        0.20134860277175903,
        0.006018999498337507,
        0.003261652309447527,
        0.0017940598772838712,
        0.00486904289573431,
        0.005203431472182274,
        0.003809885820373893,
        0.00041005248203873634,
        0.0007444775546900928,
        0.000914697942789644,
        0.0508299358189106,
        0.08290722221136093,
        0.02810375764966011,
        0.0,
        0.005927696358412504,
        0.0067209540866315365,
        0.00521604111418128,
        0.0,
        36.013004302978516,
        44.70998764038086,
        0.11512141674757004,
        0.03771053999662399,
        0.08293408900499344,
        0.0785793885588646,
        0.10348999500274658,
        0.07529019564390182,
        0.030380552634596825,
        0.12445258349180222,
        0.0856085866689682,
        0.0939629077911377,
        0.06475791335105896,
        0.12417592108249664,
        0.12197231501340866,
        0.03576722741127014
      ],
      "q01": [
        -0.8417021036148071,
        -0.006170212756842375,
        -1.9559574127197266,
        -1.016595721244812,
        -0.5738725662231445,
        -2.010941743850708,
        -0.9687234163284302,
        -0.007021276745945215,
        -2.0027658939361572,
        -0.8508510589599609,
        -0.6161702275276184,
        -0.3940425515174866,
        -1.5804837942123413,
        -2.261784315109253,
        -1.7257819175720215,
        -2.0302734375,
        -2.2013044357299805,
        -4.3044962882995605,
        -2.087831497192383,
        -2.130897045135498,
        -1.974071741104126,
        -2.374631643295288,
        -2.317711591720581,
        -1.9675464630126953,
        -0.16703088581562042,
        -0.32127314805984497,
        -0.7595509886741638,
        -0.9722007513046265,
        -0.616269052028656,
        -0.5400000214576721,
        -2.0514583587646484,
        -0.05199289321899414,
        -0.0430000014603138,
        -1.0140374898910522,
        -0.019999999552965164,
        -0.014000000432133675,
        0.0,
        -0.00800000037997961,
        -0.010999999940395355,
        -0.009924938902258873,
        -0.9617999792098999,
        0.8935999870300293,
        -0.5457000136375427,
        0.0,
        -0.06518813967704773,
        -0.03907516226172447,
        -0.043983422219753265,
        0.0,
        3.0223793983459473,
        1.6767489910125732,
        -0.016336141154170036,
        0.0480521097779274,
        0.25570768117904663,
        -0.8446328639984131,
        -0.1850503534078598,
        -0.4056848883628845,
        0.5324485301971436,
        -0.07531482726335526,
        -0.558151364326477,
        0.2947627604007721,
        -0.1840449571609497,
        -0.10257413238286972,
        -0.25202518701553345,
        0.7835711240768433
      ],
      "q99": [
        0.2514893710613251,
        2.078723430633545,
        0.0,
        0.5119149088859558,
        0.46574467420578003,
        0.25036802887916565,
        1.2165957689285278,
        2.174893617630005,
        0.0,
        1.530640721321106,
        0.6734042763710022,
        0.9055413603782654,
        1.2260202169418335,
        1.92534601688385,
        1.9900850057601929,
        2.6449098587036133,
        2.16687273979187,
        3.354740858078003,
        2.099609613418579,
        1.8152507543563843,
        3.119999885559082,
        2.1325342655181885,
        2.122666597366333,
        1.6985384225845337,
        0.214863121509552,
        0.3060683310031891,
        0.7385129332542419,
        0.9792175889015198,
        0.3995509743690491,
        0.5600000023841858,
        3.328887701034546,
        0.039493851363658905,
        0.05774502456188202,
        -0.9860000014305115,
        0.0020000000949949026,
        0.004999999888241291,
        0.017000000923871994,
        0.008999999612569809,
        0.0115437563508749,
        0.01781414821743965,
        -0.8080999851226807,
        1.1430000066757202,
        -0.4429999887943268,
        0.0,
        0.034881431609392166,
        0.07271572202444077,
        0.0667051449418068,
        0.0,
        102.00519561767578,
        102.1186294555664,
        0.47222375869750977,
        0.3772652745246887,
        0.6794648170471191,
        0.12566201388835907,
        0.48600736260414124,
        0.20826852321624756,
        0.9999992847442627,
        0.46339482069015503,
        -0.01965002901852131,
        0.7404454946517944,
        0.42781728506088257,
        0.44554826617240906,
        0.5205631852149963,
        0.9999997615814209
      ]
    },