{
  "norm_stats": {
    "state": {
      "mean": [
        0.31627190113067627,
        1.367777705192566,
        -1.135151982307434,
        0.008727355860173702,
        0.7636523842811584,
        -0.2660907804965973,
        0.04396739974617958,
        -0.1241784617304802,
        0.028151024132966995,
        -0.003366779303178191,
        0.004674219060689211,
        0.06855039298534393,
        -0.04467519372701645,
        -0.0007999995723366737
      ],
      "std": [
        0.26112133264541626,
        0.7887436151504517,
        0.6851198673248291,
        0.1300797164440155,
        0.46251848340034485,
        0.23756098747253418,
        0.04797568544745445,
        0.11377818882465363,
        0.05100265145301819,
        0.0,
        0.005595997907221317,
        0.012719607912003994,
        0.000057093162467936054,
        9.5367431640625e-7
      ],
      "q01": [
        -0.10135465860366821,
        0.0017983129946514964,
        -2.0267586708068848,
        -0.3165065348148346,
        -0.14743632078170776,
        -0.7774431705474854,
        -0.0017391599249094725,
        -0.47688722610473633,
        0.0013955555623397231,
        -0.0033667776733636856,
        0.0,
        0.04962944611907005,
        -0.04467522352933884,
        -0.0007999999797903001
      ],
      "q99": [
        0.8112223148345947,
        2.2588536739349365,
        -0.001241445541381836,
        0.33160775899887085,
        1.2252697944641113,
        0.28504037857055664,
        0.09949859976768494,
        0.01499849557876587,
        0.14181268215179443,
        -0.0033667776733636856,
        0.011371503584086895,
        0.08426718413829803,
        -0.04467522352933884,
        -0.0007999999797903001
      ],
      "vmin": [
        -0.23147033154964447,
        -0.0006803333526477218,
        -2.310830593109131,
        -0.704982340335846,
        -0.5755271315574646,
        -1.2334094047546387,
        -0.0017999999690800905,
        -0.535003662109375,
        0.0013955555623397231,
        -0.0033667776733636856,
        0.0,
        0.04962944611907005,
        -0.04467522352933884,
        -0.0007999999797903001
      ],
      "vmax": [
        0.8730769753456116,
        2.477965831756592,
        0.0024596666917204857,
        1.2590004205703735,
        1.2292401790618896,
        0.7268925309181213,
        0.09960000216960907,
        0.03365033492445946,
        0.14184077084064484,
        -0.0033667776733636856,
        0.011373777873814106,
        0.08427411317825317,
        -0.04467522352933884,
        -0.0007999999797903001
      ]
    },
    "actions": {
      "mean": [
        0.00009856501128524542,
        0.0003881368029396981,
        -0.0002727835380937904,
        0.000489821017254144,
        0.0008731597918085754,
        0.00008751889981795102,
        0.046079691499471664,
        -0.000041994062485173345,
        -8.461771585643874e-7,
        0.0,
        0.0,
        1.1963448969254387e-6,
        0.0,
        -0.0008000063826330006
      ],
      "std": [
        0.06573651731014252,
        0.16920439898967743,
        0.15953268110752106,
        0.03294091671705246,
        0.12119962275028229,
        0.053003448992967606,
        0.048143744468688965,
        0.0013163870899006724,
        0.00006457723065977916,
        0.0,
        0.0,
        0.0002229979436378926,
        0.0,
        0.0
      ],
      "q01": [
        -0.2507081627845764,
        -0.5276826024055481,
        -0.4576382040977478,
        -0.09935268759727478,
        -0.41747918725013733,
        -0.2144993245601654,
        -0.0017391599249094725,
        -0.00003826618194580078,
        -1.7900019884109497e-6,
        0.0,
        0.0,
        -0.00001537241041660309,
        0.0,
        -0.0007999999797903001
      ],
      "q99": [
        0.190823495388031,
        0.5457776784896851,
        0.5817121863365173,
        0.12383720278739929,
        0.4258333444595337,
        0.1626448631286621,
        0.09949859976768494,
        -7.82310962677002e-6,
        -1.7900019884109497e-6,
        0.0,
        0.0,
        -5.414709448814392e-6,
        0.0,
        -0.0007999999797903001
      ],
      "vmin": [
        -0.5086451172828674,
        -0.8514633178710938,
        -0.8383974432945251,
        -0.3658972382545471,
        -0.8531728982925415,
        -0.6497706770896912,
        -0.0017999999690800905,
        -0.15188877284526825,
        -0.008948996663093567,
        0.0,
        0.0,
        -0.023026667535305023,
        0.0,
        -0.0007999999797903001
      ],
      "vmax": [
        0.3957621157169342,
        0.8911669254302979,
        0.9610318541526794,
        0.5011963248252869,
        0.9237182140350342,
        0.7147163152694702,
        0.09960000216960907,
        0.0002965480089187622,
        0.0,
        0.0,
        0.0,
        0.02675977721810341,
        0.0,
        -0.0007999999797903001
      ]
    }
  }
}