{
  "norm_stats": {
    "state": {
      "mean": [
        0.36907193064689636,
        1.0163432359695435,
        -0.6627647876739502,
        0.1501133143901825,
        0.1138392835855484,
        -0.14993596076965332,
        -0.001600000075995922,
        0.017939092591404915,
        0.036334630101919174,
        0.005983442533761263,
        -0.07201065868139267,
        0.09807293117046356,
        0.14264324307441711,
        -0.0008000003290362656
      ],
      "std": [
        0.22827096283435822,
        0.7597901225090027,
        0.4667970836162567,
        0.17801156640052795,
        0.12379571795463562,
        0.19333118200302124,
        0.0,
        7.62939453125e-6,
        0.0,
        2.6973982585332124e-6,
        0.0,
        0.0,
        0.00006103515625,
        0.0
      ],
      "q01": [
        -0.006899110972881317,
        0.004590651951730251,
        -1.3399369716644287,
        -0.15361054241657257,
        -0.14011195302009583,
        -1.014628291130066,
        -0.0015999999595806003,
        0.017939096316695213,
        0.036334626376628876,
        0.00598344299942255,
        -0.07201065868139267,
        0.09807288646697998,
        0.14264324307441711,
        -0.000800000037997961
      ],
      "q99": [
        0.6638522744178772,
        2.051845073699951,
        -0.0030542612075805664,
        0.9689168930053711,
        0.5122840404510498,
        0.13717353343963623,
        -0.0015999999595806003,
        0.017939096316695213,
        0.036334626376628876,
        0.00598344299942255,
        -0.07201065868139267,
        0.09807288646697998,
        0.14264324307441711,
        -0.000800000037997961
      ],
      "vmin": [
        -0.07848255336284637,
        0.0011513333301991224,
        -1.609825611114502,
        -0.37018856406211853,
        -0.39466312527656555,
        -1.4141165018081665,
        -0.0015999999595806003,
        0.017939096316695213,
        0.036334626376628876,
        0.00598344299942255,
        -0.07201065868139267,
        0.09807288646697998,
        0.14264324307441711,
        -0.000800000037997961
      ],
      "vmax": [
        0.729456901550293,
        2.1507256031036377,
        0.0004884444642812014,
        1.2153021097183228,
        0.8470498919487,
        0.2644054591655731,
        -0.0015999999595806003,
        0.017939096316695213,
        0.036334626376628876,
        0.00598344299942255,
        -0.07201065868139267,
        0.09807288646697998,
        0.14264324307441711,
        -0.000800000037997961
      ]
    },
    "actions": {
      "mean": [
        0.0003141141205560416,
        0.00037275871727615595,
        0.000011964970326516777,
        0.0017007661517709494,
        0.00026029374566860497,
        -0.002148429863154888,
        -0.0015999984461814165,
        0.0,
        0.0,
        0.0,
        0.0,
        0.0,
        0.0,
        -0.0007999992230907083
      ],
      "std": [
        0.07753560692071915,
        0.22331096231937408,
        0.14149391651153564,
        0.022340083494782448,
        0.05124327167868614,
        0.025329552590847015,
        0.0,
        0.0,
        0.0,
        0.0,
        0.0,
        0.0,
        0.0,
        0.0
      ],
      "q01": [
        -0.2311042696237564,
        -0.5280113220214844,
        -0.3538369834423065,
        -0.05702206492424011,
        -0.16277402639389038,
        -0.0933758020401001,
        -0.0015999999595806003,
        0.0,
        0.0,
        0.0,
        0.0,
        0.0,
        0.0,
        -0.0007999999797903001
      ],
      "q99": [
        0.24657627940177917,
        0.567844808101654,
        0.3815057873725891,
        0.08586061000823975,
        0.15413686633110046,
        0.06193810701370239,
        -0.0015999999595806003,
        0.0,
        0.0,
        0.0,
        0.0,
        0.0,
        0.0,
        -0.0007999999797903001
      ],
      "vmin": [
        -0.3899007737636566,
        -0.7780745625495911,
        -0.6064037680625916,
        -0.299957275390625,
        -0.4971841275691986,
        -0.6545504331588745,
        -0.0015999999595806003,
        0.0,
        0.0,
        0.0,
        0.0,
        0.0,
        0.0,
        -0.0007999999797903001
      ],
      "vmax": [
        0.4169920086860657,
        0.778981626033783,
        0.622033953666687,
        0.5670491456985474,
        0.3777769207954407,
        0.2421811819076538,
        -0.0015999999595806003,
        0.0,
        0.0,
        0.0,
        0.0,
        0.0,
        0.0,
        -0.0007999999797903001
      ]
    }
  }
}