{
  "norm_stats": {
    "state": {
      "mean": [
        -0.38551321625709534,
        1.4803822040557861,
        -0.7022537589073181,
        -0.11360988765954971,
        -0.06907454878091812,
        -0.3269036114215851,
        0.35064277052879333,
        1.2761536836624146,
        -0.5462465882301331,
        -0.14342375099658966,
        0.07234854251146317,
        0.08313148468732834,
        -0.004792279563844204,
        -0.001976573374122381,
        -0.005025006830692291,
        0.0031810167711228132,
        -0.0005693831481039524,
        0.0009885865729302168,
        -0.004590587690472603,
        -0.002705585677176714,
        -0.004478844814002514,
        0.0027783717960119247,
        0.0005585169419646263,
        0.0005290242843329906,
        0.010935652069747448,
        -0.06410764902830124,
        0.23871292173862457,
        0.2185719907283783,
        -0.07696247100830078,
        0.03328368812799454,
        0.07349443435668945,
        -0.006406605709344149,
        0.005432711914181709,
        -0.9999921917915344,
        -0.0016236237715929747,
        0.0007691250648349524,
        -0.0008418486104346812,
        0.0001756399724399671,
        0.00021828318131156266,
        0.0002617391583044082,
        -0.7858209013938904,
        1.4906105995178223,
        0.6924691796302795,
        0.0,
        -0.0023378997575491667,
        -0.002353582065552473,
        -0.002339041093364358,
        0.0,
        37.86197280883789,
        58.065574645996094,
        0.22690172493457794,
        0.22354353964328766,
        0.32143551111221313,
        -0.06419870257377625,
        0.33184191584587097,
        -0.13388070464134216,
        0.8843454718589783,
        0.18775658309459686,
        -0.235296368598938,
        0.32006189227104187,
        -0.02785453014075756,
        0.27686166763305664,
        0.17127464711666107,
        0.8972257971763611
      ],
      "std": [
        0.3601545989513397,
        0.7636027336120605,
        0.5547111630439758,
        0.426670640707016,
        0.2915540039539337,
        0.28035858273506165,
        0.40634825825691223,
        0.8497256636619568,
        0.54791659116745,
        0.4291017949581146,
        0.20612365007400513,
        0.2006770521402359,
        0.3599741458892822,
        0.6847858428955078,
        0.6395836472511292,
        0.5417478084564209,
        0.30954018235206604,
        0.3218297064304352,
        0.3574051856994629,
        0.6720417737960815,
        0.5656847357749939,
        0.5282015800476074,
        0.23920366168022156,
        0.24083344638347626,
        0.0966983288526535,
        0.2017287164926529,
        0.4716165363788605,
        0.7864766716957092,
        0.0890318900346756,
        0.10015981644392014,
        0.32703056931495667,
        0.0078060077503323555,
        0.00587589992210269,
        0.0022375858388841152,
        0.002896356862038374,
        0.00309102819301188,
        0.0018414710648357868,
        0.0009996285662055016,
        0.0014809744898229837,
        0.0016618930967524648,
        0.0516742542386055,
        0.08566936105489731,
        0.12270136922597885,
        0.0,
        0.00421512546017766,
        0.004885023459792137,
        0.003958424553275108,
        0.0,
        44.28814697265625,
        46.29022216796875,
        0.1299692839384079,
        0.11257129907608032,
        0.1169297844171524,
        0.11965904384851456,
        0.20058700442314148,
        0.15923897922039032,
        0.07653720676898956,
        0.11967064440250397,
        0.11353059113025665,
        0.11345649510622025,
        0.1049417182803154,
        0.21399784088134766,
        0.15282320976257324,
        0.0897773802280426
      ],
      "q01": [
        -1.159650069451332,
        -0.005106383003294468,
        -2.0005145596856253,
        -1.307599133014679,
        -0.931616141629219,
        -0.963245515847206,
        -0.47210946332216264,
        -0.0041846126800403,
        -1.9983464184761979,
        -1.380904606437683,
        -0.3732327039241791,
        -0.33773508155345916,
        -1.0703915348052977,
        -2.316896171569824,
        -1.8632537398338318,
        -1.5986876419067384,
        -0.9136638832092285,
        -0.9982793514251709,
        -1.0185035066604615,
        -2.1340575031280515,
        -1.8170555271148683,
        -1.7012380001068115,
        -0.838252220058441,
        -0.7338774247169493,
        -0.156267103266716,
        -0.24149405827522277,
        -0.7045416483283042,
        -0.9686030983924866,
        -0.32177505254745475,
        -0.22736465358734126,
        -0.9331020606994631,
        -0.029767103782296175,
        -0.010073635840415956,
        -1.0050463104248046,
        -0.006001999714481644,
        -0.004000000189989805,
        -0.0040016684789210555,
        -0.0020393730416893956,
        -0.004216536548733711,
        -0.004946129705011848,
        -0.9020864573478699,
        1.3676084387179464,
        0.5187594832420349,
        0.0,
        -0.012375513041019442,
        -0.01208898794651031,
        -0.012048374646902088,
        0.0,
        3.2325830741882324,
        3.5870028789043427,
        0.04679594695568086,
        -0.09976107935607434,
        0.14026098901182413,
        -0.30490392924547194,
        -0.07258424798846244,
        -0.48806778876781465,
        0.6936523499906063,
        0.02388070430755615,
        -0.49182638923823835,
        0.15775750929117202,
        -0.313077696120739,
        -0.09156758069992066,
        -0.12839723062515257,
        0.6656937372207641
      ],
      "q99": [
        0.37828071053028123,
        2.728389926623367,
        -0.000014382857643102653,
        0.8812833112239837,
        0.5002438815832138,
        0.25919131793975847,
        1.2428095135450365,
        2.4662677182850428,
        -0.00005251063625300034,
        0.8730871679306027,
        0.6975176253318787,
        0.5682310882091524,
        1.2827131526947024,
        1.5942746047973637,
        2.1649384867668147,
        1.8396588394165043,
        1.0434524106979373,
        1.092250116729736,
        1.4881955528259274,
        2.2858663429260258,
        1.7740207466125488,
        1.9267986260414132,
        0.69529818611145,
        0.7223596901893616,
        0.15329055624008175,
        0.2640372372031211,
        0.9309970587253571,
        0.9718272829055787,
        0.15811947107315083,
        0.2880147246360778,
        1.080077886199951,
        0.014941780489683157,
        0.0226678441286087,
        -0.9950058382749557,
        0.0009980000475654383,
        0.0039984001899138095,
        0.0009995879081543535,
        0.00342698971256614,
        0.004987999106943607,
        0.005963113288581366,
        -0.6815716864585877,
        1.591936045113951,
        0.814566628074646,
        0.0,
        0.006875469672679879,
        0.006842257928848294,
        0.006943304741382578,
        0.0,
        101.20337322616577,
        101.96748048210145,
        0.5404369860887528,
        0.5466856646299362,
        0.7014603458873927,
        0.2591593911528587,
        0.6909497420668602,
        0.2672848237514496,
        0.9996362196028232,
        0.4811198053896427,
        0.03784320394992824,
        0.6993552260100842,
        0.1984583822846413,
        0.6298251505732537,
        0.499966490626335,
        0.999881856250763
      ],