{
  "norm_stats": {
    "state": {
      "mean": [
        0.3376480042934418,
        1.7635375261306763,
        -1.4455859661102295,
        0.49727562069892883,
        0.8026654720306396,
        -0.27581673860549927,
        0.014128773473203182,
        -0.05588117241859436,
        0.01706826500594616,
        -0.0027530689258128405,
        -0.09876324981451035,
        0.046788573265075684,
        0.10195428133010864,
        -0.0010000000474974513
      ],
      "std": [
        0.3200218379497528,
        0.9001248478889465,
        0.7708114385604858,
        0.3131296634674072,
        0.44278112053871155,
        0.2180468589067459,
        0.02197313867509365,
        0.00004825252835871652,
        0.0,
        0.0,
        0.00006103515625,
        0.0000215791860682657,
        0.00007475249731214717,
        3.3717478231665154e-7
      ],
      "q01": [
        -0.15162590146064758,
        0.0019363333703950047,
        -2.6224029064178467,
        -0.04260262846946716,
        -0.2012314647436142,
        -0.9271073341369629,
        -0.0025224999990314245,
        -0.055881187319755554,
        0.01706826314330101,
        -0.0027530682273209095,
        -0.09876328706741333,
        0.046788573265075684,
        0.10195429623126984,
        -0.0010000000474974513
      ],
      "q99": [
        0.9079363346099854,
        2.735490083694458,
        -0.002722501754760742,
        1.1875298023223877,
        1.2240591049194336,
        0.0760113000869751,
        0.05798950046300888,
        -0.055881187319755554,
        0.01706826314330101,
        -0.0027530682273209095,
        -0.09876328706741333,
        0.046788573265075684,
        0.10195429623126984,
        -0.0010000000474974513
      ],
      "vmin": [
        -0.250903457403183,
        0.0019363333703950047,
        -2.9152283668518066,
        -0.4320639967918396,
        -0.4010477662086487,
        -1.1242769956588745,
        -0.0026000000070780516,
        -0.055881187319755554,
        0.01706826314330101,
        -0.0027530682273209095,
        -0.09876328706741333,
        0.046788573265075684,
        0.10195429623126984,
        -0.0010000000474974513
      ],
      "vmax": [
        1.0384154319763184,
        2.861900568008423,
        0.0013606667052954435,
        1.4278278350830078,
        1.2394801378250122,
        0.6747162342071533,
        0.07490000128746033,
        -0.055881187319755554,
        0.01706826314330101,
        -0.0027530682273209095,
        -0.09876328706741333,
        0.046788573265075684,
        0.10195429623126984,
        -0.0010000000474974513
      ]
    },
    "actions": {
      "mean": [
        0.000014737787751073483,
        0.00003050751911359839,
        -3.371713319211267e-6,
        0.00004173430716036819,
        0.00016338775458279997,
        -0.0002965239400509745,
        0.014128576964139938,
        0.0,
        0.0,
        0.0,
        0.0,
        0.0,
        0.0,
        -0.0007999992230907083
      ],
      "std": [
        0.05382775887846947,
        0.15893520414829254,
        0.15387223660945892,
        0.07168227434158325,
        0.11356006562709808,
        0.054603222757577896,
        0.021973274648189545,
        0.0,
        0.0,
        0.0,
        0.0,
        0.0,
        0.0,
        0.0
      ],
      "q01": [
        -0.19643282890319824,
        -0.5234403610229492,
        -0.48527461290359497,
        -0.26763907074928284,
        -0.44711196422576904,
        -0.21916544437408447,
        -0.0025224999990314245,
        0.0,
        0.0,
        0.0,
        0.0,
        0.0,
        0.0,
        -0.0007999999797903001
      ],
      "q99": [
        0.1624218225479126,
        0.6067004799842834,
        0.5798438787460327,
        0.18733501434326172,
        0.4165494441986084,
        0.147904634475708,
        0.05798950046300888,
        0.0,
        0.0,
        0.0,
        0.0,
        0.0,
        0.0,
        -0.0007999999797903001
      ],
      "vmin": [
        -0.5032722353935242,
        -0.8940451741218567,
        -1.0222792625427246,
        -0.7159897685050964,
        -1.2821491956710815,
        -1.1136882305145264,
        -0.0026000000070780516,
        0.0,
        0.0,
        0.0,
        0.0,
        0.0,
        0.0,
        -0.0007999999797903001
      ],
      "vmax": [
        0.34388232231140137,
        1.1422446966171265,
        1.2004220485687256,
        0.5577337741851807,
        1.1854547262191772,
        0.9910712242126465,
        0.07490000128746033,
        0.0,
        0.0,
        0.0,
        0.0,
        0.0,
        0.0,
        -0.0007999999797903001
      ]
    }
  }
}