{
  "norm_stats": {
    "state": {
      "mean": [
        0.40826359391212463,
        0.9267988801002502,
        -0.6834040880203247,
        0.16237890720367432,
        0.12984119355678558,
        -0.1321949064731598,
        -0.0015999982133507729,
        0.017939092591404915,
        0.0363345667719841,
        0.005983452778309584,
        -0.07201065868139267,
        0.09807298332452774,
        0.14264313876628876,
        -0.0007999991648830473
      ],
      "std": [
        0.224611297249794,
        0.7748503684997559,
        0.46000292897224426,
        0.17036788165569305,
        0.11759349703788757,
        0.19407905638217926,
        2.654916897881776e-6,
        0.000022243315470404923,
        0.00005285799488774501,
        0.0,
        0.00006823938019806519,
        0.0,
        0.0002200653834734112,
        1.327458448940888e-6
      ],
      "q01": [
        -0.0007587745785713196,
        0.004142444580793381,
        -1.3431330919265747,
        -0.11524167656898499,
        -0.08140077441930771,
        -1.014628291130066,
        -0.0015999999595806003,
        0.017939096316695213,
        0.036334626376628876,
        0.00598344299942255,
        -0.07201065868139267,
        0.09807288646697998,
        0.14264324307441711,
        -0.000800000037997961
      ],
      "q99": [
        0.6741938591003418,
        2.0457897186279297,
        -0.002716064453125,
        0.9337189197540283,
        0.5600666999816895,
        0.15093731880187988,
        -0.0015999999595806003,
        0.017939096316695213,
        0.036334626376628876,
        0.00598344299942255,
        -0.07201065868139267,
        0.09807288646697998,
        0.14264324307441711,
        -0.000800000037997961
      ],
      "vmin": [
        -0.07848255336284637,
        0.0011513333301991224,
        -1.6017314195632935,
        -0.37018856406211853,
        -0.18824300169944763,
        -1.4141165018081665,
        -0.0015999999595806003,
        0.017939096316695213,
        0.036334626376628876,
        0.00598344299942255,
        -0.07201065868139267,
        0.09807288646697998,
        0.14264324307441711,
        -0.000800000037997961
      ],
      "vmax": [
        0.729456901550293,
        2.1376595497131348,
        0.0004884444642812014,
        1.2153021097183228,
        0.8470498919487,
        0.2644054591655731,
        -0.0015999999595806003,
        0.017939096316695213,
        0.036334626376628876,
        0.00598344299942255,
        -0.07201065868139267,
        0.09807288646697998,
        0.14264324307441711,
        -0.000800000037997961
      ]
    },
    "actions": {
      "mean": [
        0.04028651863336563,
        0.1504470854997635,
        -0.0921783596277237,
        0.0026248283684253693,
        0.0024636343587189913,
        -0.008894366212189198,
        -0.0016000198666006327,
        0.0,
        0.0,
        0.0,
        0.0,
        0.0,
        0.0,
        -0.0008000099333003163
      ],
      "std": [
        0.06697481870651245,
        0.16690649092197418,
        0.10099759697914124,
        0.027673060074448586,
        0.040130797773599625,
        0.03141489624977112,
        0.0,
        0.0,
        0.0,
        0.0,
        0.0,
        0.0,
        0.0,
        0.0
      ],
      "q01": [
        -0.037013694643974304,
        -0.09429216384887695,
        -0.38608765602111816,
        -0.06291770935058594,
        -0.10439836978912354,
        -0.11973971128463745,
        -0.0015999999595806003,
        0.0,
        0.0,
        0.0,
        0.0,
        0.0,
        0.0,
        -0.0007999999797903001
      ],
      "q99": [
        0.2726687490940094,
        0.6069437265396118,
        0.029312431812286377,
        0.10840275883674622,
        0.1485861837863922,
        0.06355220079421997,
        -0.0015999999595806003,
        0.0,
        0.0,
        0.0,
        0.0,
        0.0,
        0.0,
        -0.0007999999797903001
      ],
      "vmin": [
        -0.24870547652244568,
        -0.4325524568557739,
        -0.6064037680625916,
        -0.299957275390625,
        -0.3666996657848358,
        -0.6545504331588745,
        -0.0015999999595806003,
        0.0,
        0.0,
        0.0,
        0.0,
        0.0,
        0.0,
        -0.0007999999797903001
      ],
      "vmax": [
        0.4169920086860657,
        0.778981626033783,
        0.24031466245651245,
        0.5670491456985474,
        0.3499704599380493,
        0.2421811819076538,
        -0.0015999999595806003,
        0.0,
        0.0,
        0.0,
        0.0,
        0.0,
        0.0,
        -0.0007999999797903001
      ]
    }
  }
}