{
  "norm_stats": {
    "state": {
      "mean": [
        -0.017796814441680908,
        0.18257960677146912,
        -0.1556854546070099,
        -0.048751313239336014,
        -0.02336707152426243,
        0.004951538983732462,
        0.05896163359284401,
        0.5717908143997192,
        -0.41093331575393677,
        -0.12065231800079346,
        0.0625780001282692,
        -0.030769022181630135,
        -0.004194741602987051,
        -0.0023078497033566236,
        -0.004197449889034033,
        0.0006393992807716131,
        -0.0006291675963439047,
        0.0009816939709708095,
        -0.004291503690183163,
        -0.002358143450692296,
        -0.004408787935972214,
        0.0005973373190499842,
        -0.0006373241194523871,
        0.0007250445196405053,
        0.039406437426805496,
        0.02889411710202694,
        0.20615516602993011,
        -0.02373228408396244,
        0.0010066169779747725,
        0.0003737076767720282,
        0.021870620548725128,
        -0.00697522796690464,
        -0.004257261753082275,
        -0.9998232126235962,
        2.628558874130249,
        3.3892951011657715,
        4.606143474578857,
        0.002550619887188077,
        0.003049356397241354,
        -0.001055826898664236,
        -0.4206550419330597,
        1.0606683492660522,
        0.5728746056556702,
        0.0,
        -0.0022935261949896812,
        -0.002445516875013709,
        -0.0026090266183018684,
        0.0,
        4.92692232131958,
        22.180747985839844,
        0.005111566744744778,
        0.33185192942619324,
        0.3651174306869507,
        0.0032502193935215473,
        -0.009391427971422672,
        -0.01974303089082241,
        0.9916836619377136,
        0.05305963754653931,
        -0.3213633894920349,
        0.3979853689670563,
        -0.004144368227571249,
        0.015522845089435577,
        0.05600663274526596,
        0.9627637267112732
      ],
      "std": [
        0.15553513169288635,
        0.49788016080856323,
        0.4187491834163666,
        0.19884519279003143,
        0.1505032777786255,
        0.10314101725816727,
        0.32755494117736816,
        0.8205021023750305,
        0.618176281452179,
        0.3415018618106842,
        0.242787167429924,
        0.2128070890903473,
        0.13034091889858246,
        0.2527010142803192,
        0.2474503517150879,
        0.14762480556964874,
        0.1413394808769226,
        0.0804549977183342,
        0.20214125514030457,
        0.3925477862358093,
        0.3519378900527954,
        0.2720455229282379,
        0.22688564658164978,
        0.17864708602428436,
        0.16425086557865143,
        0.15613198280334473,
        0.6057639122009277,
        0.7322863936424255,
        0.30122458934783936,
        0.26558059453964233,
        2.9888525009155273,
        0.018343472853302956,
        0.016419362276792526,
        0.011837673373520374,
        2.9501399993896484,
        3.096449613571167,
        3.5159621238708496,
        0.05674796551465988,
        0.05767878144979477,
        0.057439785450696945,
        0.3601650893688202,
        0.8289353847503662,
        0.3770737946033478,
        0.0,
        0.048135608434677124,
        0.1121085062623024,
        0.08206115663051605,
        0.0,
        10.681626319885254,
        34.46571350097656,
        0.08944864571094513,
        0.03780870512127876,
        0.08382116258144379,
        0.039808064699172974,
        0.05936402454972267,
        0.10047955811023712,
        0.029490530490875244,
        0.12134730070829391,
        0.08092346042394638,
        0.1349376142024994,
        0.10135731101036072,
        0.1484430581331253,
        0.1792668104171753,
        0.0724308118224144
      ],
      "q01": [
        -1.3893617391586304,
        -0.003617021255195141,
        -1.9334042072296143,
        -1.466808557510376,
        -1.234893560409546,
        -0.8431915044784546,
        -1.4076595306396484,
        -0.004497103858739138,
        -2.004042625427246,
        -1.5289361476898193,
        -1.1178723573684692,
        -1.414893627166748,
        -1.6626824140548706,
        -2.233208179473877,
        -2.7386667728424072,
        -1.9585661888122559,
        -2.1825592517852783,
        -1.3586013317108154,
        -2.26961350440979,
        -2.2767856121063232,
        -2.7615089416503906,
        -1.9574159383773804,
        -1.9366827011108398,
        -2.0554046630859375,
        -0.6493769884109497,
        -0.4871382415294647,
        -0.9914786219596863,
        -0.9916855692863464,
        -20.198490142822266,
        -14.340100288391113,
        -42.00832748413086,
        -0.2690804600715637,
        -0.39424076676368713,
        -1.2207359075546265,
        -3.1419999599456787,
        -3.1410000324249268,
        -3.140000104904175,
        -0.28555604815483093,
        -0.29417383670806885,
        -0.2875572443008423,
        -1.2796000242233276,
        0.24279999732971191,
        -0.07609999924898148,
        0.0,
        -0.4140526056289673,
        -0.5726101994514465,
        -0.5109013319015503,
        0.0,
        1.8755998611450195,
        2.1449594497680664,
        -0.20001226663589478,
        -0.0910596027970314,
        0.21365241706371307,
        -0.28440308570861816,
        -0.47310757637023926,
        -0.7682557106018066,
        0.6377114057540894,
        -0.16336792707443237,
        -0.7295961976051331,
        -0.010399936698377132,
        -0.35995015501976013,
        -0.6264907717704773,
        -0.6481440663337708,
        0.21062906086444855
      ],
      "q99": [
        0.8725531697273254,
        2.7672340869903564,
        0.00042553190723992884,
        0.7175886034965515,
        1.522127628326416,
        1.5557446479797363,
        1.3238297700881958,
        3.0778722763061523,
        0.0019148936262354255,
        1.0506383180618286,
        1.2234042882919312,
        1.5929343700408936,
        1.999752163887024,
        2.303018569946289,
        3.0213513374328613,
        2.2926361560821533,
        2.101356267929077,
        1.1671640872955322,
        2.3665966987609863,
        2.175633192062378,
        2.418686628341675,
        3.0792958736419678,
        2.231294870376587,
        1.7592941522598267,
        0.6462059020996094,
        0.600209653377533,
        0.9917901158332825,
        0.9867331981658936,
        14.317540168762207,
        10.438875198364258,
        35.09975051879883,
        0.3304627239704132,
        0.38328513503074646,
        -0.8600842356681824,
        10.996999740600586,
        10.996000289916992,
        10.996000289916992,
        0.2897831201553345,
        0.3045904040336609,
        0.30753013491630554,
        -0.02879999950528145,
        2.607100009918213,
        1.5714000463485718,
        0.0,
        0.7589777708053589,
        0.7446666955947876,
        0.6666666865348816,
        0.0,
        102.0992431640625,
        103.20832824707031,
        0.519644558429718,
        0.5348876118659973,
        0.7754424214363098,
        0.49233362078666687,
        0.3962164521217346,
        0.4546879231929779,
        0.9999999403953552,
        0.49410495162010193,
        0.11330915987491608,
        0.8007194399833679,
        0.8643699288368225,
        0.7605494260787964,
        0.7932392954826355,
        1.0
      ]
    },