{
  "norm_stats": {
    "state": {
      "mean": [
        -0.017796814441680908,
        0.18257960677146912,
        -0.1556854546070099,
        -0.048751313239336014,
        -0.02336707152426243,
        0.004951538983732462,
        0.05896163359284401,
        0.5717908143997192,
        -0.41093331575393677,
        -0.12065231800079346,
        0.0625780001282692,
        -0.030769022181630135,
        -0.004194741602987051,
        -0.0023078497033566236,
        -0.004197449889034033,
        0.0006393992807716131,
        -0.0006291675963439047,
        0.0009816939709708095,
        -0.004291503690183163,
        -0.002358143450692296,
        -0.004408787935972214,
        0.0005973373190499842,
        -0.0006373241194523871,
        0.0007250445196405053,
        0.039406437426805496,
        0.02889411710202694,
        0.20615516602993011,
        -0.02373228408396244,
        0.0010066169779747725,
        0.0003737076767720282,
        0.021870620548725128,
        -0.00697522796690464,
        -0.004257261753082275,
        -0.9998232126235962,
        2.628558874130249,
        3.3892951011657715,
        4.606143474578857,
        0.002550619887188077,
        0.003049356397241354,
        -0.001055826898664236,
        -0.4206550419330597,
        1.0606683492660522,
        0.5728746056556702,
        0.0,
        -0.0022935261949896812,
        -0.002445516875013709,
        -0.0026090266183018684,
        0.0,
        4.92692232131958,
        22.180747985839844,
        0.005111566744744778,
        0.33185192942619324,
        0.3651174306869507,
        0.0032502193935215473,
        -0.009391427971422672,
        -0.01974303089082241,
        0.9916836619377136,
        0.05305963754653931,
        -0.3213633894920349,
        0.3979853689670563,
        -0.004144368227571249,
        0.015522845089435577,
        0.05600663274526596,
        0.9627637267112732
      ],
      "std": [
        0.15553513169288635,
        0.49788016080856323,
        0.4187491834163666,
        0.19884519279003143,
        0.1505032777786255,
        0.10314101725816727,
        0.32755494117736816,
        0.8205021023750305,
        0.618176281452179,
        0.3415018618106842,
        0.242787167429924,
        0.2128070890903473,
        0.13034091889858246,
        0.2527010142803192,
        0.2474503517150879,
        0.14762480556964874,
        0.1413394808769226,
        0.0804549977183342,
        0.20214125514030457,
        0.3925477862358093,
        0.3519378900527954,
        0.2720455229282379,
        0.22688564658164978,
        0.17864708602428436,
        0.16425086557865143,
        0.15613198280334473,
        0.6057639122009277,
        0.7322863936424255,
        0.30122458934783936,
        0.26558059453964233,
        2.9888525009155273,
        0.018343472853302956,
        0.016419362276792526,
        0.011837673373520374,
        2.9501399993896484,
        3.096449613571167,
        3.5159621238708496,
        0.05674796551465988,
        0.05767878144979477,
        0.057439785450696945,
        0.3601650893688202,
        0.8289353847503662,
        0.3770737946033478,
        0.0,
        0.048135608434677124,
        0.1121085062623024,
        0.08206115663051605,
        0.0,
        10.681626319885254,
        34.46571350097656,
        0.08944864571094513,
        0.03780870512127876,
        0.08382116258144379,
        0.039808064699172974,
        0.05936402454972267,
        0.10047955811023712,
        0.029490530490875244,
        0.12134730070829391,
        0.08092346042394638,
        0.1349376142024994,
        0.10135731101036072,
        0.1484430581331253,
        0.1792668104171753,
        0.0724308118224144
      ],
      "q01": [
        -0.8284068417549133,
        -0.003617021255195141,
        -1.90168939950777,
        -0.9617759338855744,
        -0.6493022599220276,
        -0.30247129571437836,
        -1.0017602205514908,
        -0.004497103858739138,
        -1.9755580286566867,
        -1.4819878924131393,
        -0.5110134508132934,
        -0.6003738055229187,
        -0.4562764640808106,
        -1.0438095257759095,
        -0.9357811043262483,
        -0.5233602771759034,
        -0.5289678611755371,
        -0.2876767940521239,
        -0.8305338573455809,
        -1.2473863845825195,
        -1.2934415171146394,
        -0.964176369047165,
        -0.8246662850379944,
        -0.6317590651988985,
        -0.2648479865074158,
        -0.25161868749260907,
        -0.9724392420768738,
        -0.9774409541606903,
        -0.6762233985900892,
        -0.6125478687286385,
        -1.7887539978027291,
        -0.05852089383602144,
        -0.05010780262947084,
        -1.0351445572018623,
        -1.5725709931850433,
        -1.5717929966449737,
        -0.7736336388111114,
        -0.1951127308964729,
        -0.1981320524930954,
        -0.19805610246658326,
        -1.265340903941542,
        0.2759001975059509,
        0.12357700627744198,
        0.0,
        -0.2007956831932068,
        -0.4761855307340622,
        -0.30176525182724,
        0.0,
        3.5994465259552,
        3.8630367193222046,
        -0.03521085369586943,
        0.14792704376131294,
        0.33230246598720553,
        -0.1220651140511036,
        -0.2380423590660095,
        -0.539320662355423,
        0.8325501796841621,
        -0.040420498758554455,
        -0.5716357336133718,
        0.0492984494253993,
        -0.21474579307436945,
        -0.3490827322006225,
        -0.3659212040901184,
        0.6774630342692136
      ],
      "q99": [
        0.37674142169952396,
        2.236339014650509,
        -0.00034799998841461566,
        0.24095314296483994,
        0.2980102205276489,
        0.28478827440738663,
        0.9556250123500827,
        3.0217731535871515,
        -9.106389281798855e-05,
        0.4573361909389495,
        0.9269986649513244,
        0.7332971284389496,
        0.4937590654373172,
        0.9911417940139771,
        1.1136333393096924,
        0.5785513706207275,
        0.5043125621795652,
        0.29628017082214364,
        0.7077606880664828,
        1.3920074825286868,
        1.2510705468654626,
        1.0646111488342282,
        0.8058465409278872,
        0.6370097607851029,
        0.27178244674205776,
        0.2663938496410846,
        0.9747340046882631,
        0.9748626855611802,
        0.662998577499387,
        0.611533520317078,
        1.9741202087402385,
        0.041363000625371904,
        0.04288429522514342,
        -0.9640961778402328,
        9.424742973899841,
        9.42396585407257,
        9.424077046012878,
        0.19623297138810158,
        0.20016592044830323,
        0.1979150396645069,
        -0.07482944041490547,
        2.6061542899131775,
        1.5674460462391375,
        0.0,
        0.17738931016922,
        0.4943840855360031,
        0.3089215225338936,
        0.0,
        98.19052107524871,
        99.38813290653229,
        0.4453759740829468,
        0.4417466663241386,
        0.6696011846125126,
        0.11499492877125739,
        0.1590648571491241,
        0.16289357216954226,
        0.999927482688427,
        0.40205874860286717,
        -0.04616853376030916,
        0.7223653081959113,
        0.4054947614073753,
        0.5028373573184015,
        0.6444885325431822,
        0.9996842516243458
      ]
    },