{
  "norm_stats": {
    "state": {
      "mean": [
        0.0,
        -0.001276593655347824,
        -0.0017021293751895428,
        0.009330766275525093,
        -0.09964604675769806,
        0.048989877104759216,
        -0.003157546743750572,
        0.013829762116074562,
        -0.010851075872778893,
        0.03680756315588951,
        0.028650911524891853,
        -0.054773811250925064,
        -0.004014848731458187,
        -0.0020948562305420637,
        -0.004030129872262478,
        -0.001139058731496334,
        0.00003709147858899087,
        0.00030007303575985134,
        -0.004088460933417082,
        -0.0024354506749659777,
        -0.0040675681084394455,
        0.0006471165106631815,
        -0.0010893787257373333,
        0.0012561691692098975,
        0.1901434063911438,
        0.06528697907924652,
        0.3383571207523346,
        -0.9192349314689636,
        -0.08439124375581741,
        0.06337422132492065,
        0.08090119063854218,
        -0.004395509138703346,
        0.005589436739683151,
        -0.9997762441635132,
        -0.01799996942281723,
        -0.012000021524727345,
        -0.013000009581446648,
        3.475947778497357e-6,
        0.000025101235223701224,
        5.664386662829202e-6,
        -0.6911994814872742,
        1.367285966873169,
        0.6751796007156372,
        0.0,
        -0.0027110588271170855,
        -0.0022536255419254303,
        -0.0027597853913903236,
        0.0,
        100.07670593261719,
        5.465441703796387,
        0.05810719355940819,
        0.32463788986206055,
        0.33281388878822327,
        0.024301717057824135,
        0.0019550572615116835,
        -0.049865905195474625,
        0.9984591007232666,
        0.05892646685242653,
        -0.3322036862373352,
        0.33014991879463196,
        -0.02706444263458252,
        0.019532335922122,
        0.013279318809509277,
        0.9993546009063721
      ],
      "std": [
        0.0,
        2.5456138246227056e-6,
        0.0,
        0.00009115450666286051,
        0.000274658203125,
        0.00019240600522607565,
        0.00038366284570656717,
        0.000035169770853826776,
        0.0,
        0.000026428997443872504,
        0.00017514404316898435,
        0.00017729110550135374,
        0.001393214100971818,
        0.008253420703113079,
        0.0007309538777917624,
        0.02898547425866127,
        0.03637631982564926,
        0.03410077840089798,
        0.004974736366420984,
        0.008652192540466785,
        0.0013376151910051703,
        0.030924750491976738,
        0.03511570394039154,
        0.03830214962363243,
        0.005292842630296946,
        0.007971866987645626,
        0.0030136783607304096,
        0.001983407884836197,
        0.038509078323841095,
        0.07082325220108032,
        0.05077220872044563,
        0.0017116240924224257,
        0.0008916992810554802,
        0.0006459353608079255,
        0.00004178791641606949,
        0.0,
        0.0,
        0.0002969243214465678,
        0.0004687155014835298,
        0.0004769200459122658,
        0.0021423252765089273,
        0.0,
        0.0020058199297636747,
        0.0,
        0.00697364890947938,
        0.0030404599383473396,
        0.007211209740489721,
        0.0,
        0.0,
        0.011637085117399693,
        0.0000863167442730628,
        0.00038602022686973214,
        0.0,
        0.00009123428753810003,
        0.00004114085095352493,
        0.0000863167442730628,
        0.0,
        0.000034119690099032596,
        0.00031121945357881486,
        0.0006342959241010249,
        0.00007552715396741405,
        7.62939453125e-6,
        0.00020866080012638122,
        0.0003452669770922512
      ],
      "q01": [
        0.0,
        -0.001276595750823617,
        -0.0017021276289597154,
        0.008953447068668902,
        -0.09978723526000977,
        0.04872340336441994,
        -0.003617021255195141,
        0.013829787261784077,
        -0.010851063765585423,
        0.03671344154551625,
        0.02851063758134842,
        -0.0548936165869236,
        -0.010910505631472915,
        -0.023122791726887228,
        -0.004003315957728773,
        -0.06679387438893318,
        -0.0799383435279131,
        -0.06988918800354005,
        -0.022420610289275646,
        -0.022679601325094702,
        -0.010866565093025565,
        -0.06825159094780683,
        -0.08411770982891321,
        -0.09036537885665893,
        0.17583736610412598,
        0.02461716433390975,
        0.33239252517223355,
        -0.9263216506838798,
        -0.18000137196481228,
        -0.09003335690498351,
        -0.020032926324009895,
        -0.006979008951038122,
        0.003574200279917568,
        -1.0017022431015967,
        -0.017999999225139618,
        -0.012000000104308128,
        -0.013000000268220901,
        -1.808670349419915e-6,
        -4.685814678668208e-6,
        -6.30619972944238e-6,
        -0.6914014852285385,
        1.3672996535539628,
        0.6745966985702515,
        0.0,
        -0.007553794469684377,
        -0.010317168918251992,
        -0.011540888547897338,
        0.0,
        100.07527160644531,
        5.4595561027526855,
        0.05810575884282589,
        0.3246235210776329,
        0.3328099250793457,
        0.024169733747839928,
        0.0017623860754072667,
        -0.0499359333910048,
        0.9984528402328491,
        0.05892456185072661,
        -0.3322446346282959,
        0.33014974467754366,
        -0.02712475556693971,
        0.019466018487513066,
        0.012980921520479024,
        0.9993486382246017
      ],
      "q99": [
        0.0,
        -0.001276595750823617,
        -0.0017021276289597154,
        0.009361616911180317,
        -0.09936170279979706,
        0.049148935824632645,
        -0.002765957498922944,
        0.013829787261784077,
        -0.010851063765585423,
        0.036808449747413395,
        0.028936170041561127,
        -0.05446808412671089,
        0.0029622979351319363,
        0.016210275928303604,
        -0.004003315957728773,
        0.06649537052810192,
        0.0875618532061577,
        0.08135962927341461,
        0.018302392794191838,
        0.019944260141253473,
        0.0019347317861393102,
        0.07286546004116534,
        0.07883639947026969,
        0.09446856546401977,
        0.20168687584102155,
        0.07889572025611996,
        0.3479022000551224,
        -0.9144526014924049,
        -1.3759881256625306e-7,
        0.22308622398376465,
        0.19792931572198866,
        -0.0018721463941037651,
        0.0077987577943131325,
        -0.9978008398771286,
        -0.017999999225139618,
        -0.012000000104308128,
        -0.013000000268220901,
        -1.808670349419915e-6,
        0.0009009992286562931,
        -2.4922523647547337e-6,
        -0.6910054847478867,
        1.3672996535539628,
        0.6753939786911011,
        0.0,
        0.0023071717344224363,
        0.0055214797228574745,
        0.0027569891335442465,
        0.0,
        100.08992004394531,
        5.466807822132111,
        0.05811064690351486,
        0.32466763257980347,
        0.33288806676864624,
        0.024393688887357712,
        0.0019768682831898332,
        -0.04971814528107643,
        0.9984689354896545,
        0.05892807951197028,
        -0.3321501612663269,
        0.33017402074337004,
        -0.02690170588158071,
        0.01954346315562725,
        0.01362297597900033,
        0.9993626450538635
      ],