{
  "norm_stats": {
    "state": {
      "mean": [
        -0.3491734266281128,
        1.3868906497955322,
        -0.6357592940330505,
        -0.0982910767197609,
        -0.06544061005115509,
        -0.19586233794689178,
        0.30618301033973694,
        1.2989933490753174,
        -0.5092211961746216,
        -0.13441337645053864,
        0.14441515505313873,
        0.0614667609333992,
        -0.004808600526303053,
        -0.001625808421522379,
        -0.005318468902260065,
        0.0020129606127738953,
        -0.0004875091544818133,
        0.00031769732595421374,
        -0.004495993256568909,
        -0.00216019619256258,
        -0.0047586518339812756,
        0.0017063019331544638,
        -0.0001956893247552216,
        0.0005862367688678205,
        -0.036873385310173035,
        -0.15305344760417938,
        0.2987620234489441,
        0.6761496663093567,
        -0.07658462226390839,
        0.037871330976486206,
        0.07569083571434021,
        -0.005844001192599535,
        0.004767337813973427,
        -0.9999383091926575,
        0.005020247772336006,
        0.00425284169614315,
        -0.0032566399313509464,
        0.00010377316357335076,
        0.0001501611841376871,
        0.0001662158319959417,
        -0.8059130311012268,
        1.5561606884002686,
        0.7859922051429749,
        0.0,
        -0.002356394659727812,
        -0.0023151221685111523,
        -0.0023308866657316685,
        0.0,
        39.83833694458008,
        50.780677795410156,
        0.21033501625061035,
        0.234979510307312,
        0.31404852867126465,
        -0.017298391088843346,
        0.3112688362598419,
        -0.13799649477005005,
        0.8959744572639465,
        0.18473117053508759,
        -0.24846316874027252,
        0.3132617771625519,
        -0.019678469747304916,
        0.30754444003105164,
        0.1864975094795227,
        0.882778525352478
      ],
      "std": [
        0.3780560791492462,
        0.8316695690155029,
        0.5895462036132812,
        0.4517074227333069,
        0.2805155813694,
        0.2812422513961792,
        0.3799028992652893,
        0.7964372634887695,
        0.5519626140594482,
        0.4247733950614929,
        0.28588658571243286,
        0.21428272128105164,
        0.2616058588027954,
        0.5198662877082825,
        0.4444443881511688,
        0.42614081501960754,
        0.20414656400680542,
        0.2461867481470108,
        0.2738041281700134,
        0.4903233051300049,
        0.4031791687011719,
        0.4100654423236847,
        0.21306386590003967,
        0.19684727489948273,
        0.080335333943367,
        0.11486564576625824,
        0.38522952795028687,
        0.5106151103973389,
        0.06723667681217194,
        0.08110551536083221,
        0.21111637353897095,
        0.0058190845884382725,
        0.004186427686363459,
        0.0009765625,
        0.003688030643388629,
        0.001185155939310789,
        0.001675260835327208,
        0.000525648589245975,
        0.0006723771221004426,
        0.0008735545561648905,
        0.06475942581892014,
        0.0904625877737999,
        0.11449648439884186,
        0.0,
        0.0055937874130904675,
        0.009095512330532074,
        0.0057206605561077595,
        0.0,
        45.346824645996094,
        46.984893798828125,
        0.13482148945331573,
        0.1045462042093277,
        0.11478082835674286,
        0.10208772867918015,
        0.20970109105110168,
        0.14254508912563324,
        0.07927054911851883,
        0.11819717288017273,
        0.09578996896743774,
        0.1149202361702919,
        0.10570221394300461,
        0.21220265328884125,
        0.1650511920452118,
        0.08663243055343628
      ],
      "q01": [
        -1.258148219692707,
        -0.0027239148326218127,
        -2.0006825676611624,
        -1.3434824517726898,
        -0.878621726989746,
        -0.9483096396446229,
        -0.5329696318626403,
        -0.003951489345356822,
        -2.0002244526267052,
        -1.3045098017454146,
        -0.43623565702438355,
        -0.3542276629447937,
        -0.927232098674774,
        -1.8293037574768065,
        -1.2067575366973875,
        -1.303609635257721,
        -0.6856450413703916,
        -0.8829596760272977,
        -0.8254119689941404,
        -1.6309414112091065,
        -1.3567732864379882,
        -1.2869180793762203,
        -0.742447080230713,
        -0.6184410820007322,
        -0.14176578311026097,
        -0.24650377231836318,
        -0.7580636605262756,
        -0.7372165766119957,
        -0.25101278710365293,
        -0.1506320342540739,
        -0.508179644775391,
        -0.02222950628101826,
        -0.005297409284114846,
        -1.0034848999023438,
        0.0,
        0.0020000000949949026,
        -0.004999999888241291,
        -0.0010078003332018859,
        -0.0012662096485495586,
        -0.0020101288735866543,
        -0.8703108055591583,
        1.4624693014144898,
        0.6430766834616661,
        0.0,
        -0.011604920387268042,
        -0.011483997344970687,
        -0.012614361092448234,
        0.0,
        3.352280990457535,
        3.0600393325805664,
        0.03390598807930946,
        -0.06084320008754729,
        0.1473972776643932,
        -0.22693596601486205,
        -0.058592996001243625,
        -0.48122186189889904,
        0.7055329205989838,
        0.03246326380968095,
        -0.4955043947398663,
        0.15902401494979856,
        -0.32367631323337553,
        -0.06664094481468202,
        -0.17404275894165044,
        0.6848156244277954
      ],
      "q99": [
        0.33503266841173174,
        2.698399373667501,
        -0.00006656876252941757,
        1.0978422875881195,
        0.5436544399261474,
        0.3439638494491577,
        1.1899581415176392,
        2.6170796673441306,
        -0.00009984316825839556,
        0.9433080753088001,
        0.8978179206132888,
        0.6138734222412108,
        0.8637449271202091,
        1.5073778709411618,
        1.6676883388519288,
        1.5110135656356816,
        0.6763349863052368,
        0.7536494024753573,
        1.0638733001708989,
        1.7261567596435548,
        1.3501570873260498,
        1.4524592981338502,
        0.6674413158416748,
        0.639886820316315,
        0.2440723842591047,
        0.2274415714740753,
        0.9378546116828916,
        0.9788738420009615,
        0.08950135648250579,
        0.22979017210006747,
        0.6588908360958099,
        0.008968934205174445,
        0.01575282576680183,
        -0.996400667476654,
        0.008998199612647296,
        0.004999399888282642,
        -0.0010008000474655996,
        0.001783999651670455,
        0.002497483998537064,
        0.0029987994372844724,
        -0.654464423418045,
        1.7498891705513002,
        0.9862466885447502,
        0.0,
        0.006418140226602559,
        0.006226343679428148,
        0.0077013031363487305,
        0.0,
        100.96893845186234,
        101.41844139156342,
        0.5267372034162283,
        0.4812384009599686,
        0.689031980329752,
        0.29178342676162716,
        0.679782440662384,
        0.16741055384874348,
        0.9998775095343589,
        0.49734844509363174,
        -0.0014477817416190808,
        0.714072281551361,
        0.20795871872901917,
        0.6371193036735057,
        0.5661778726577757,
        0.9998920744419098
      ],