{
  "norm_stats": {
    "state": {
      "mean": [
        -1.0228604878648184e-6,
        0.00027482345467433333,
        -7.483634476557199e-7,
        1.9670269466587342e-6,
        -9.53734343056567e-6,
        0.0003529949754010886,
        0.34519079327583313,
        0.8254090547561646,
        -0.6009179353713989,
        0.05793582275509834,
        0.24473637342453003,
        -0.48053908348083496,
        -0.004093441646546125,
        -0.0023856968618929386,
        -0.004017009399831295,
        0.0006785515579394996,
        -0.0005131552461534739,
        -0.0001153228513430804,
        -0.0039702365174889565,
        -0.00231917854398489,
        -0.00450349785387516,
        -0.00045972675434313715,
        -0.0013538843486458063,
        0.0019391408422961831,
        -0.12250927090644836,
        0.00366966868750751,
        -0.3727560341358185,
        0.0957292765378952,
        -0.08447971194982529,
        0.06795676797628403,
        0.07467950135469437,
        -0.01026066206395626,
        0.003513502888381481,
        -0.9996601939201355,
        0.001000000978820026,
        0.004000003915280104,
        0.0,
        0.00006225092511158437,
        0.00014137866673991084,
        0.00012957167928107083,
        -0.9586195349693298,
        1.1433051824569702,
        -0.45488443970680237,
        0.0,
        -0.002336629433557391,
        -0.0023353961296379566,
        -0.0023131887428462505,
        0.0,
        97.54914093017578,
        68.7459487915039,
        0.058873869478702545,
        0.33499813079833984,
        0.33382827043533325,
        0.00017748316167853773,
        0.00013805937487632036,
        -5.123436039866647e-6,
        0.9999998211860657,
        0.12937553226947784,
        -0.23183739185333252,
        0.43733686208724976,
        -0.2098536640405655,
        0.03877786546945572,
        0.3145276606082916,
        0.8645430207252502
      ],
      "std": [
        0.0000625450920779258,
        0.0002027861337410286,
        0.00003693174585350789,
        0.00008834113396005705,
        0.0001793535047909245,
        0.0009631741559132934,
        0.37520912289619446,
        0.5341359376907349,
        0.3903299868106842,
        0.2927494943141937,
        0.2574006915092468,
        0.448039710521698,
        0.00347883440554142,
        0.00799736101180315,
        0.0007795784622430801,
        0.02876642718911171,
        0.038250043988227844,
        0.045970477163791656,
        0.3736664950847626,
        0.4813888370990753,
        0.4035940170288086,
        0.25980111956596375,
        0.26972031593322754,
        0.46192261576652527,
        0.04219267889857292,
        0.27551740407943726,
        0.36593762040138245,
        0.790738046169281,
        0.07288698107004166,
        0.07644060999155045,
        0.1724986732006073,
        0.00530257448554039,
        0.0030673136934638023,
        0.0011708573438227177,
        0.0,
        0.0,
        0.0,
        0.00033576678833924234,
        0.0007250628550536931,
        0.0005318146431818604,
        0.003009967738762498,
        0.009765625,
        0.012738082557916641,
        0.0,
        0.00291844317689538,
        0.0030011902563273907,
        0.0028431853279471397,
        0.0,
        1.0448908805847168,
        43.08134841918945,
        0.0,
        0.0003955530119128525,
        0.0001220703125,
        0.0005532591021619737,
        0.00010702732106437907,
        0.00007109256694093347,
        0.000244140625,
        0.058448467403650284,
        0.10115806758403778,
        0.0696546733379364,
        0.18525727093219757,
        0.08672710508108139,
        0.2353290468454361,
        0.10427720099687576
      ],
      "q01": [
        -0.0003050212836009451,
        0.0,
        -5.53191499784271e-7,
        0.0,
        -0.0003877861007116735,
        -0.000024912622524425436,
        -0.17081955652236935,
        -0.005744680762290955,
        -1.4797739674568176,
        -0.5338708506226539,
        -0.16928723105192184,
        -1.5373817618012429,
        -0.013345358677208423,
        -0.022348122652620078,
        -0.005286375388503076,
        -0.06899414873421192,
        -0.0899985294342041,
        -0.08996513879299162,
        -1.231227279305458,
        -1.5120451424598693,
        -1.0166052259206773,
        -0.7330321571588516,
        -0.8680797960281372,
        -1.6731906903743743,
        -0.18489594935178758,
        -0.3199342887997627,
        -0.7424219808578492,
        -0.66386248857975,
        -0.2901099906027317,
        -0.11024749902486802,
        -0.3907367378473281,
        -0.024568176325038073,
        -0.0038711123600602138,
        -1.0026969811320305,
        0.0010000000474974513,
        0.004000000189989805,
        0.0,
        -5.9999998658893244e-6,
        -0.0020002342769876126,
        -0.001001813097298145,
        -0.9603000283241272,
        1.138800024986267,
        -0.4602000117301941,
        0.0,
        -0.010000173467025161,
        -0.010430103715509176,
        -0.00956193096935749,
        0.0,
        96.47227246398926,
        5.62251870059967,
        0.05885291640087962,
        0.334960767865181,
        0.3338197649359703,
        -0.000012497043819166705,
        -5.206286907196572e-7,
        -0.00020777373746968804,
        0.9999992562532425,
        0.027150830985978244,
        -0.3500471642240882,
        0.3253543298840523,
        -0.612494330778718,
        -0.0997352866590023,
        -0.0732554392516613,
        0.6515293816328048
      ],
      "q99": [
        0.00011880850325687777,
        0.00042553190723992884,
        -5.53191499784271e-7,
        0.0,
        -1.7577264690771862e-6,
        0.001775025433162227,
        1.0705842725276948,
        1.561677557259798,
        -0.000635914897918699,
        0.866983862876892,
        0.7181701964378358,
        0.10067945484518992,
        0.003982063049077986,
        0.01706508317887783,
        -0.004007280663121494,
        0.0682569465190172,
        0.09050227439403535,
        0.08831061305105692,
        1.183002515077591,
        0.9142593148231506,
        1.412725012755394,
        0.9718934465408324,
        0.9920847713947296,
        1.2715326685905461,
        -0.05513127931356432,
        0.2783307008147239,
        0.07839335441589357,
        0.9570790797948836,
        0.10990000659227372,
        0.2589133012533188,
        0.5509754243850709,
        0.004221271511539823,
        0.011407269572466613,
        -0.9966705788969994,
        0.0010000000474974513,
        0.004000000189989805,
        0.0,
        0.000999999977648258,
        0.0029722089124843473,
        0.0019988668952137228,
        -0.950400344824791,
        1.1696993343353272,
        -0.4213077739953995,
        0.0,
        0.005247187684476375,
        0.005407171302475033,
        0.004901105434633794,
        0.0,
        99.79542618560791,
        100.43442467346192,
        0.05888507351949811,
        0.33500463944673536,
        0.33384475350379944,
        0.0008896337379701435,
        0.0027586547657847404,
        0.00005182263995520773,
        0.9999996281266212,
        0.23268625994585457,
        -0.04986265547573565,
        0.5604497655034065,
        0.04907950179874898,
        0.3301232047438622,
        0.6534249009132386,
        0.9995167253017425
      ],