{
  "norm_stats": {
    "state": {
      "mean": [
        0.20204131305217743,
        1.0108684301376343,
        -0.6840896606445312,
        0.5042704343795776,
        0.6470907330513,
        -0.9872305393218994,
        0.06911434978246689,
        -0.0014304444193840027,
        0.10754496604204178,
        0.00610555661842227,
        -0.08012232184410095,
        0.0,
        0.14264324307441711,
        -0.000800000037997961
      ],
      "std": [
        0.1844165176153183,
        0.6286300420761108,
        0.4325881898403168,
        0.5358758568763733,
        0.44931894540786743,
        0.6208190321922302,
        0.044111963361501694,
        0.0,
        0.00006823938019806519,
        0.0,
        0.000037376248656073585,
        0.0,
        0.0000431583721365314,
        0.0
      ],
      "q01": [
        -0.11028888821601868,
        0.003995102364569902,
        -1.3974037170410156,
        -0.17693239450454712,
        -0.1238977313041687,
        -2.1027331352233887,
        0.0012969999806955457,
        -0.0014304444193840027,
        0.10754500329494476,
        0.006105555687099695,
        -0.08012233674526215,
        0.0,
        0.14264322817325592,
        -0.0007999999797903001
      ],
      "q99": [
        0.6175686120986938,
        1.9134372472763062,
        -0.00036203861236572266,
        1.6400320529937744,
        1.2208279371261597,
        0.10753750801086426,
        0.09958028793334961,
        -0.0014304444193840027,
        0.10754500329494476,
        0.006105555687099695,
        -0.08012233674526215,
        0.0,
        0.14264322817325592,
        -0.0007999999797903001
      ],
      "vmin": [
        -0.44539156556129456,
        -0.0010117777856066823,
        -1.8843488693237305,
        -0.6904860138893127,
        -0.5342186689376831,
        -2.337904453277588,
        0.0010999999940395355,
        -0.0014304444193840027,
        0.10754500329494476,
        0.006105555687099695,
        -0.08012233674526215,
        0.0,
        0.14264322817325592,
        -0.0007999999797903001
      ],
      "vmax": [
        0.8414850831031799,
        2.2748427391052246,
        0.003035333240404725,
        1.7503581047058105,
        1.2268154621124268,
        0.5023302435874939,
        0.09960000216960907,
        -0.0014304444193840027,
        0.10754500329494476,
        0.006105555687099695,
        -0.08012233674526215,
        0.0,
        0.14264322817325592,
        -0.0007999999797903001
      ]
    },
    "actions": {
      "mean": [
        -0.000024976112399599515,
        0.00012048985809087753,
        0.000021359035599743947,
        4.821144102606922e-6,
        0.00007969869329826906,
        -0.0002610541123431176,
        0.06911873817443848,
        0.0,
        0.0,
        0.0,
        0.0,
        0.0,
        0.0,
        -0.0007999992230907083
      ],
      "std": [
        0.04331300035119057,
        0.11740297824144363,
        0.09844901412725449,
        0.11175767332315445,
        0.10784445703029633,
        0.12234457582235336,
        0.044114187359809875,
        0.0,
        0.0,
        0.0,
        0.0,
        0.0,
        0.0,
        0.0
      ],
      "q01": [
        -0.1597963273525238,
        -0.36670982837677,
        -0.33363044261932373,
        -0.42097359895706177,
        -0.35781341791152954,
        -0.39657753705978394,
        0.0012969999806955457,
        0.0,
        0.0,
        0.0,
        0.0,
        0.0,
        0.0,
        -0.0007999999797903001
      ],
      "q99": [
        0.15570181608200073,
        0.37055981159210205,
        0.35100340843200684,
        0.37890541553497314,
        0.3882169723510742,
        0.4517098069190979,
        0.09958028793334961,
        0.0,
        0.0,
        0.0,
        0.0,
        0.0,
        0.0,
        -0.0007999999797903001
      ],
      "vmin": [
        -0.5531284213066101,
        -0.9543157815933228,
        -0.6128931045532227,
        -1.25019109249115,
        -1.0675650835037231,
        -0.9009183049201965,
        0.0010999999940395355,
        0.0,
        0.0,
        0.0,
        0.0,
        0.0,
        0.0,
        -0.0007999999797903001
      ],
      "vmax": [
        0.48743268847465515,
        0.7197751998901367,
        0.9595317244529724,
        0.7871980667114258,
        0.8621568083763123,
        1.2433876991271973,
        0.09960000216960907,
        0.0,
        0.0,
        0.0,
        0.0,
        0.0,
        0.0,
        -0.0007999999797903001
      ]
    }
  }
}