{
  "norm_stats": {
    "state": {
      "mean": [
        0.31627190113067627,
        1.367777705192566,
        -1.135151982307434,
        0.008727355860173702,
        0.7636523842811584,
        -0.2660907804965973,
        0.04396739974617958,
        -0.1241784617304802,
        0.028151024132966995,
        -0.003366779303178191,
        0.004674219060689211,
        0.06855039298534393,
        -0.04467519372701645,
        -0.0007999995723366737
      ],
      "std": [
        0.26112133264541626,
        0.7887436151504517,
        0.6851198673248291,
        0.1300797164440155,
        0.46251848340034485,
        0.23756098747253418,
        0.04797568544745445,
        0.11377818882465363,
        0.05100265145301819,
        0.0,
        0.005595997907221317,
        0.012719607912003994,
        0.000057093162467936054,
        9.5367431640625e-7
      ],
      "q01": [
        -0.10135465879738331,
        0.0017983128124615176,
        -2.0267585492055864,
        -0.31650655022859575,
        -0.14743632547855373,
        -0.7774431745171546,
        -0.001739159967796877,
        -0.4768872236125171,
        0.0013955555623397231,
        -0.0033667776733636856,
        0.0,
        0.04962944611907005,
        -0.04467522352933884,
        -0.0007999999797903001
      ],
      "q99": [
        0.8114432356208563,
        2.260836427693022,
        -0.001241597723960819,
        0.3316077608704566,
        1.2252696909785272,
        0.2850404746174813,
        0.09949860216747038,
        0.01499848382174973,
        0.14181268179758916,
        -0.0033667776733636856,
        0.011371503118239343,
        0.08426718424484134,
        -0.04467522352933884,
        -0.0007999999797903001
      ],
      "vmin": [
        -0.23147033154964447,
        -0.0006803333526477218,
        -2.310830593109131,
        -0.704982340335846,
        -0.5755271315574646,
        -1.2334094047546387,
        -0.0017999999690800905,
        -0.535003662109375,
        0.0013955555623397231,
        -0.0033667776733636856,
        0.0,
        0.04962944611907005,
        -0.04467522352933884,
        -0.0007999999797903001
      ],
      "vmax": [
        0.8730769753456116,
        2.477965831756592,
        0.0024596666917204857,
        1.2590004205703735,
        1.2292401790618896,
        0.7268925309181213,
        0.09960000216960907,
        0.03365033492445946,
        0.14184077084064484,
        -0.0033667776733636856,
        0.011373777873814106,
        0.08427411317825317,
        -0.04467522352933884,
        -0.0007999999797903001
      ]
    },
    "actions": {
      "mean": [
        0.00009856501128524542,
        0.0003881368029396981,
        -0.0002727835380937904,
        0.000489821017254144,
        0.0008731597918085754,
        0.00008751889981795102,
        0.046079691499471664,
        -0.000041994062485173345,
        -8.461771585643874e-7,
        0.0,
        0.0,
        1.1963448969254387e-6,
        0.0,
        -0.0008000063826330006
      ],
      "std": [
        0.06573651731014252,
        0.16920439898967743,
        0.15953268110752106,
        0.03294091671705246,
        0.12119962275028229,
        0.053003448992967606,
        0.048143744468688965,
        0.0013163870899006724,
        0.00006457723065977916,
        0.0,
        0.0,
        0.0002229979436378926,
        0.0,
        0.0
      ],
      "q01": [
        -0.250708174431324,
        -0.5276826186656952,
        -0.4576382039546966,
        -0.09935267696380612,
        -0.41747919754981994,
        -0.21449932652711867,
        -0.001739159967796877,
        -0.00003825969696044651,
        -1.7897993326177614e-6,
        0.0,
        0.0,
        -0.00001537277027964523,
        0.0,
        -0.0007999999797903001
      ],
      "q99": [
        0.19082343671917923,
        0.545777611207962,
        0.5817121582508087,
        0.12383720617294314,
        0.4258333243608474,
        0.16264487816095352,
        0.09949860216747038,
        -7.822632789616923e-6,
        -1.7897993326177614e-6,
        0.0,
        0.0,
        -5.4154813289644665e-6,
        0.0,
        -0.0007999999797903001
      ],
      "vmin": [
        -0.5086451172828674,
        -0.8514633178710938,
        -0.8383974432945251,
        -0.3658972382545471,
        -0.8531728982925415,
        -0.6497706770896912,
        -0.0017999999690800905,
        -0.15188877284526825,
        -0.008948996663093567,
        0.0,
        0.0,
        -0.023026667535305023,
        0.0,
        -0.0007999999797903001
      ],
      "vmax": [
        0.3957621157169342,
        0.8911669254302979,
        0.9610318541526794,
        0.5011963248252869,
        0.9237182140350342,
        0.7147163152694702,
        0.09960000216960907,
        0.0002965480089187622,
        0.0,
        0.0,
        0.0,
        0.02675977721810341,
        0.0,
        -0.0007999999797903001
      ]
    }
  }
}