{
  "norm_stats": {
    "state": {
      "mean": [
        -0.12508346140384674,
        0.5868719220161438,
        -0.4526980519294739,
        -0.06240954250097275,
        0.2826009690761566,
        0.029744796454906464,
        0.17951542139053345,
        0.15683387219905853,
        0.5922980904579163,
        -0.49292850494384766,
        0.07832883298397064,
        0.3239000737667084,
        0.02709939517080784,
        0.17375387251377106
      ],
      "std": [
        0.21466737985610962,
        0.786777675151825,
        0.6235211491584778,
        0.14396311342716217,
        0.38941577076911926,
        0.17687390744686127,
        0.38281819224357605,
        0.24946068227291107,
        0.8316593766212463,
        0.7243994474411011,
        0.13361765444278717,
        0.4054271876811981,
        0.18801043927669525,
        0.37934496998786926
      ],
      "q01": [
        -0.8401553630828857,
        -0.0004361000028438866,
        -1.9534488916397095,
        -0.5068272352218628,
        -0.13154557347297668,
        -0.3898733854293823,
        0.0,
        -0.09718052297830582,
        0.0,
        -2.414546251296997,
        -0.2757031321525574,
        -0.08303344249725342,
        -0.4851002097129822,
        0.0
      ],
      "q99": [
        0.20753127336502075,
        2.2219817638397217,
        0.008390563540160656,
        0.27047795057296753,
        1.173911452293396,
        0.556786298751831,
        1.0,
        0.8749561309814453,
        2.4620985984802246,
        0.007692804094403982,
        0.4711188077926636,
        1.2187424898147583,
        0.5386707186698914,
        1.0
      ],
      "vmin": [
        -1.1005768775939941,
        -0.006960155908018351,
        -2.4979283809661865,
        -1.5001665353775024,
        -0.465964138507843,
        -1.06755530834198,
        0.0,
        -0.5325478911399841,
        -0.0028957040049135685,
        -2.937499761581421,
        -0.8603554964065552,
        -0.925613522529602,
        -1.338024616241455,
        0.0
      ],
      "vmax": [
        0.5356006026268005,
        2.5782580375671387,
        0.00992563646286726,
        1.0028207302093506,
        1.2250398397445679,
        1.5353859663009644,
        1.0,
        1.0722826719284058,
        2.796011447906494,
        0.00870455615222454,
        1.1041005849838257,
        1.2251793146133423,
        1.2163875102996826,
        1.0
      ]
    },
    "actions": {
      "mean": [
        -0.12508106231689453,
        0.5868725776672363,
        -0.45269855856895447,
        -0.062413290143013,
        0.28260526061058044,
        0.02974180318415165,
        0.17951542139053345,
        0.15683457255363464,
        0.5922985672950745,
        -0.4929284155368805,
        0.07831738144159317,
        0.32391083240509033,
        0.02710142731666565,
        0.17375387251377106
      ],
      "std": [
        0.21466925740242004,
        0.7867767810821533,
        0.6235198974609375,
        0.14396975934505463,
        0.38941335678100586,
        0.17688500881195068,
        0.38281819224357605,
        0.24946221709251404,
        0.8316590189933777,
        0.7243995666503906,
        0.13362111151218414,
        0.4054189622402191,
        0.18801170587539673,
        0.37934496998786926
      ],
      "q01": [
        -0.8401553630828857,
        -0.0004361000028438866,
        -1.9534488916397095,
        -0.5068272352218628,
        -0.13154557347297668,
        -0.3898733854293823,
        0.0,
        -0.09718052297830582,
        0.0,
        -2.414546251296997,
        -0.2757031321525574,
        -0.08303344249725342,
        -0.4851002097129822,
        0.0
      ],
      "q99": [
        0.20753127336502075,
        2.2219817638397217,
        0.008390563540160656,
        0.2708006501197815,
        1.173911452293396,
        0.556786298751831,
        1.0,
        0.8749561309814453,
        2.4620985984802246,
        0.007692804094403982,
        0.4711188077926636,
        1.2187424898147583,
        0.5386707186698914,
        1.0
      ],
      "vmin": [
        -1.1005768775939941,
        -0.006960155908018351,
        -2.4979283809661865,
        -1.5001665353775024,
        -0.465964138507843,
        -1.06755530834198,
        0.0,
        -0.5325478911399841,
        -0.0028957040049135685,
        -2.937499761581421,
        -0.8603554964065552,
        -0.925613522529602,
        -1.338024616241455,
        0.0
      ],
      "vmax": [
        0.5356006026268005,
        2.5782580375671387,
        0.00992563646286726,
        1.0028207302093506,
        1.2250398397445679,
        1.5353859663009644,
        1.0,
        1.0722826719284058,
        2.796011447906494,
        0.00870455615222454,
        1.1041005849838257,
        1.2251793146133423,
        1.2163875102996826,
        1.0
      ]
    }
  }
}